t,roll,pitch,posture_roll,posture_pitch,roll_effort,offset_change,fsm,swing,brace
1766447109.342,0.000,0.000,0.000,0.000,0.000,0.000,IDLE,None,0
1766447109.399,0.000,0.000,0.000,0.000,0.004,0.000,IDLE,None,1
1766447109.457,0.000,0.000,0.000,0.000,0.000,0.000,IDLE,None,1
1766447109.515,0.000,0.000,0.000,0.000,0.000,0.000,IDLE,None,1
1766447109.573,0.000,0.000,0.000,0.000,0.000,0.000,IDLE,None,1
1766447109.631,0.000,0.000,0.000,0.000,0.000,0.000,IDLE,None,1
1766447109.688,0.000,0.000,0.000,0.000,0.003,0.000,IDLE,None,0
1766447109.747,0.000,0.000,0.000,0.000,0.000,0.000,IDLE,None,0
1766447109.804,0.000,0.000,0.000,0.000,0.000,0.000,IDLE,None,0
1766447109.862,0.000,0.000,0.000,0.000,0.000,0.000,IDLE,None,0
1766447109.920,0.000,0.000,0.000,0.000,0.000,0.000,IDLE,None,0
1766447109.977,0.000,0.000,0.000,0.000,0.000,0.000,IDLE,None,0
1766447110.033,0.000,0.000,0.000,0.000,0.000,0.000,IDLE,None,0
1766447110.090,0.000,-0.007,0.000,0.000,0.000,0.000,IDLE,None,0
1766447110.147,0.000,-0.007,0.000,0.000,0.000,0.000,IDLE,None,0
1766447110.203,0.000,0.026,0.000,0.000,0.000,0.000,IDLE,None,0
1766447110.260,0.000,0.025,0.000,0.000,0.000,0.000,IDLE,None,0
1766447110.317,0.000,0.024,0.000,0.000,0.000,0.000,IDLE,None,0
1766447110.375,0.000,0.023,0.000,0.000,0.000,0.000,IDLE,None,0
1766447110.431,0.000,0.022,0.000,0.000,0.000,0.000,IDLE,None,0
1766447110.488,0.000,0.021,0.000,0.000,0.000,0.000,IDLE,None,0
1766447110.544,0.000,0.021,0.000,0.000,0.000,0.000,IDLE,None,0
1766447110.600,0.000,0.020,0.000,0.000,0.000,0.000,IDLE,None,0
1766447110.657,0.000,0.019,0.000,0.000,0.000,0.000,IDLE,None,0
1766447110.713,0.000,0.018,0.000,0.000,0.000,0.000,IDLE,None,0
1766447110.769,0.000,0.017,0.000,0.000,0.000,0.000,IDLE,None,0
1766447110.826,0.000,0.017,0.000,0.000,0.000,0.000,IDLE,None,0
1766447110.883,0.000,0.016,0.000,0.000,0.000,0.000,IDLE,None,0
1766447110.939,0.000,0.015,0.000,0.000,0.000,0.000,IDLE,None,0
1766447110.997,0.000,0.015,0.000,0.000,0.000,0.000,IDLE,None,0
1766447111.053,0.000,0.014,0.000,0.000,0.000,0.000,IDLE,None,0
1766447111.109,0.000,0.014,0.000,0.000,0.000,0.000,IDLE,None,0
1766447111.166,0.000,0.013,0.000,0.000,0.000,0.000,IDLE,None,0
1766447111.222,0.000,0.013,0.000,0.000,0.000,0.000,IDLE,None,0
1766447111.279,0.000,0.012,0.000,0.000,0.000,0.000,IDLE,None,0
1766447111.335,0.000,0.012,0.000,0.000,0.000,0.000,IDLE,None,0
1766447111.391,0.093,0.011,0.000,0.000,0.123,0.123,IDLE,FRF,0
1766447111.447,0.089,0.011,0.000,0.000,0.051,0.123,UNLOADING,FRF,0
1766447111.504,0.086,0.010,0.300,-0.300,0.243,0.000,UNLOADING,FRF,0
1766447111.561,-0.049,-0.006,0.600,-0.600,0.412,0.000,UNLOADING,FRF,0
1766447111.617,-0.263,0.029,0.900,-0.900,0.450,0.000,UNLOADING,FRF,0
1766447111.674,-0.463,0.099,1.200,-1.200,0.390,0.000,UNLOADING,FRF,0
1766447111.730,-0.661,0.152,1.500,-1.500,0.400,0.000,UNLOADING,FRF,0
1766447111.787,-0.862,0.124,1.800,-1.800,0.392,0.000,UNLOADING,FRF,0
1766447111.843,-1.179,0.090,2.100,-2.100,0.558,0.000,UNLOADING,FRF,0
1766447111.900,-1.172,0.143,2.400,-2.400,0.129,0.000,UNLOADING,FRF,0
1766447111.956,-0.933,0.067,2.700,-2.700,0.004,0.000,UNLOADING,FRF,0
1766447112.013,-0.934,0.015,3.000,-3.000,0.241,0.000,UNLOADING,FRF,0
1766447112.069,-1.220,-0.099,3.300,-3.300,0.511,0.000,LIFTING,FRF,0
1766447112.126,-1.348,-0.094,3.600,-3.600,0.301,0.000,LIFTING,FRF,0
1766447112.182,-1.250,-0.051,3.900,-3.900,0.162,0.000,LIFTING,FRF,0
1766447112.238,-1.289,-0.278,4.200,-4.200,0.322,0.000,LIFTING,FRF,0
1766447112.295,-1.566,-0.473,4.500,-4.500,0.506,0.000,LIFTING,FRF,0
1766447112.352,-1.655,-0.581,4.800,-4.800,0.287,0.000,LIFTING,FRF,0
1766447112.409,-2.044,-0.601,5.100,-5.100,0.737,0.000,LIFTING,FRF,0
1766447112.465,-2.336,-0.899,5.400,-5.400,0.340,0.000,LIFTING,FRF,0
1766447112.521,-2.772,-1.190,5.700,-5.700,0.668,0.000,LIFTING,FRF,0
1766447112.578,-2.766,-1.095,6.000,-6.000,0.033,0.000,LIFTING,FRF,0
1766447112.634,-2.749,-1.113,6.300,-6.000,0.226,0.000,LIFTING,FRF,0
1766447112.690,-3.041,-1.177,6.600,-6.000,0.607,0.000,LIFTING,FRF,0
1766447112.746,-3.086,-1.153,6.900,-6.000,0.099,0.000,LIFTING,FRF,0
1766447112.803,-3.153,-1.141,7.200,-6.000,0.338,0.000,LIFTING,FRF,0
1766447112.859,-2.760,-0.877,7.500,-6.000,0.272,0.000,LIFTING,FRF,0
1766447112.916,-2.358,-0.739,7.800,-6.000,0.044,0.000,LIFTING,FRF,0
1766447112.972,-2.614,-0.557,8.000,-6.000,0.681,0.000,LIFTING,FRF,0
1766447113.029,-2.795,-0.781,8.000,-6.000,0.091,0.000,LIFTING,FRF,0
1766447113.087,-2.945,-0.892,8.000,-6.000,0.077,0.000,LIFTING,FRF,0
1766447113.143,-2.974,-0.884,8.000,-6.000,0.036,0.000,DONE,FRF,0
1766447113.200,-2.894,-0.880,8.000,-6.000,0.064,0.000,RECENTERING,FRF,0
1766447113.256,-2.745,-0.768,7.400,-5.400,0.410,0.000,RECENTERING,FRF,0
1766447113.313,-3.005,-0.886,6.800,-4.800,0.079,0.000,RECENTERING,FRF,0
1766447113.369,-3.020,-0.839,6.200,-4.200,0.610,0.000,RECENTERING,FRF,0
1766447113.426,-3.108,-0.702,5.600,-3.600,0.410,1.500,IDLE,RLF,0
1766447113.482,-2.470,-0.670,5.300,-3.300,1.267,1.500,UNLOADING,RLF,0
1766447113.539,-1.446,-0.829,5.000,-3.000,1.166,0.000,UNLOADING,RLF,0
1766447113.596,-1.139,-0.303,4.700,-2.700,7.933,0.000,UNLOADING,RLF,1
1766447113.653,-0.527,-0.623,4.400,-2.400,1.180,0.000,UNLOADING,RLF,1
1766447113.710,0.085,-0.696,4.100,-2.100,1.119,0.000,UNLOADING,RLF,1
1766447113.767,0.933,-0.922,3.800,-1.800,1.337,0.000,UNLOADING,RLF,1
1766447113.824,1.241,-1.285,3.500,-1.500,0.832,0.000,UNLOADING,RLF,1
1766447113.881,1.542,-1.354,3.200,-1.200,7.130,0.000,UNLOADING,RLF,0
1766447113.938,1.634,-1.234,2.900,-0.900,0.219,0.000,UNLOADING,RLF,0
1766447113.995,1.596,-1.360,2.600,-0.600,0.085,0.000,UNLOADING,RLF,0
1766447114.052,1.665,-1.328,2.300,-0.300,0.336,0.000,UNLOADING,RLF,0
1766447114.109,1.664,-1.112,2.000,-0.000,0.271,0.000,LIFTING,RLF,0
1766447114.166,1.760,-1.230,1.700,0.300,0.312,0.000,LIFTING,RLF,0
1766447114.223,1.908,-1.344,1.400,0.600,0.341,0.000,LIFTING,RLF,0
1766447114.280,2.091,-1.142,1.100,0.900,0.403,0.000,LIFTING,RLF,0
1766447114.337,2.146,-1.079,0.800,1.200,0.288,0.000,LIFTING,RLF,0
1766447114.394,2.304,-1.217,0.500,1.500,0.348,0.000,LIFTING,RLF,0
1766447114.452,2.279,-1.139,0.200,1.800,0.118,0.000,LIFTING,RLF,0
1766447114.509,2.171,-1.065,-0.100,2.100,0.202,0.000,LIFTING,RLF,0
1766447114.566,2.197,-0.860,-0.400,2.400,0.261,0.000,LIFTING,RLF,0
1766447114.623,2.213,-0.902,-0.700,2.700,0.253,0.000,LIFTING,RLF,0
1766447114.680,2.197,-0.809,-1.000,3.000,0.227,0.000,LIFTING,RLF,0
1766447114.737,2.274,-0.827,-1.300,3.300,0.355,0.000,LIFTING,RLF,0
1766447114.794,2.462,-0.676,-1.600,3.600,0.380,0.000,LIFTING,RLF,0
1766447114.852,2.417,-0.675,-1.900,3.900,0.162,0.000,LIFTING,RLF,0
1766447114.909,2.485,-0.474,-2.200,4.200,0.294,0.000,LIFTING,RLF,0
1766447114.966,2.416,-0.346,-2.500,4.500,0.185,0.000,LIFTING,RLF,0
1766447115.023,2.437,-0.357,-2.800,4.800,0.305,0.000,LIFTING,RLF,0
1766447115.080,2.665,-0.207,-3.100,5.100,0.501,0.000,LIFTING,RLF,0
1766447115.137,2.989,0.043,-3.400,5.400,0.482,0.000,LIFTING,RLF,0
1766447115.194,2.818,-0.154,-3.700,5.700,0.067,0.000,DONE,RLF,0
1766447115.251,2.960,0.107,-4.000,6.000,0.474,0.000,RECENTERING,RLF,0
1766447115.308,2.904,0.161,-3.400,5.400,0.345,0.000,RECENTERING,RLF,0
1766447115.365,3.104,0.208,-2.800,4.800,0.230,0.000,RECENTERING,RLF,0
1766447115.422,3.132,0.235,-2.200,4.200,0.548,0.000,RECENTERING,RLF,0
1766447115.479,3.175,0.226,-1.600,3.600,0.446,1.500,IDLE,FLF,0
1766447115.536,1.843,-0.021,-1.300,3.300,2.173,1.500,UNLOADING,FLF,0
1766447115.593,0.675,-0.010,-1.600,3.000,5.441,0.000,UNLOADING,FLF,1
1766447115.650,0.752,0.050,-1.900,2.700,0.061,0.000,UNLOADING,FLF,1
1766447115.707,0.923,-0.435,-2.200,2.400,0.151,0.000,UNLOADING,FLF,1
1766447115.764,0.812,-0.959,-2.500,2.100,0.410,0.000,UNLOADING,FLF,1
1766447115.821,0.689,-1.403,-2.800,1.800,0.405,0.000,UNLOADING,FLF,1
1766447115.878,1.269,-1.142,-3.100,1.500,2.656,0.000,UNLOADING,FLF,0
1766447115.935,1.088,-1.149,-3.400,1.200,0.286,0.000,UNLOADING,FLF,0
1766447115.992,0.904,-0.604,-3.700,0.900,0.118,0.000,UNLOADING,FLF,0
1766447116.049,0.474,-0.001,-4.000,0.600,0.179,0.000,UNLOADING,FLF,0
1766447116.106,0.187,0.311,-4.300,0.300,0.057,0.000,UNLOADING,FLF,0
1766447116.163,0.387,0.724,-4.600,-0.000,0.654,0.000,LIFTING,FLF,0
1766447116.220,0.423,0.865,-4.900,-0.300,0.173,0.000,LIFTING,FLF,0
1766447116.277,0.736,0.769,-5.200,-0.600,0.604,0.000,LIFTING,FLF,0
1766447116.335,1.118,0.884,-5.500,-0.900,0.591,0.000,LIFTING,FLF,0
1766447116.392,1.721,0.769,-5.800,-1.200,0.800,0.000,LIFTING,FLF,0
1766447116.451,1.964,0.745,-6.100,-1.500,0.293,0.000,LIFTING,FLF,0
1766447116.508,2.169,0.589,-6.400,-1.800,0.366,0.000,LIFTING,FLF,0
1766447116.565,2.381,0.308,-6.700,-2.100,0.436,0.000,LIFTING,FLF,0
1766447116.622,2.272,0.347,-7.000,-2.400,0.021,0.000,LIFTING,FLF,0
1766447116.679,2.565,0.095,-7.300,-2.700,0.632,0.000,LIFTING,FLF,0
1766447116.736,2.709,0.252,-7.600,-3.000,0.322,0.000,LIFTING,FLF,0
1766447116.793,2.953,-0.041,-7.900,-3.300,0.444,0.000,LIFTING,FLF,0
1766447116.850,2.971,-0.012,-8.000,-3.600,0.006,0.000,LIFTING,FLF,0
1766447116.907,3.209,-0.140,-8.000,-3.900,0.301,0.000,LIFTING,FLF,0
1766447116.964,3.224,-0.150,-8.000,-4.200,0.098,0.000,LIFTING,FLF,0
1766447117.021,3.148,-0.288,-8.000,-4.500,0.061,0.000,LIFTING,FLF,0
1766447117.078,3.350,-0.422,-8.000,-4.800,0.245,0.000,LIFTING,FLF,0
1766447117.135,3.228,-0.438,-8.000,-5.100,0.269,0.000,LIFTING,FLF,0
1766447117.192,3.286,-0.461,-8.000,-5.400,0.135,0.000,LIFTING,FLF,0
1766447117.249,3.390,-0.577,-8.000,-5.700,0.121,0.000,DONE,FLF,0
1766447117.305,3.302,-0.469,-8.000,-6.000,0.109,0.000,RECENTERING,FLF,0
1766447117.363,3.255,-0.731,-7.400,-5.400,0.278,0.000,RECENTERING,FLF,0
1766447117.420,3.363,-0.779,-6.800,-4.800,0.393,0.000,RECENTERING,FLF,0
1766447117.477,3.100,-0.706,-6.200,-4.200,0.821,0.000,RECENTERING,FLF,0
1766447117.534,3.172,-0.714,-5.600,-3.600,0.245,1.500,IDLE,RRF,0
1766447117.591,3.589,-1.275,-5.300,-3.300,0.002,1.500,UNLOADING,RRF,0
1766447117.648,2.145,0.390,-5.000,-3.000,2.597,0.000,UNLOADING,RRF,1
1766447117.705,1.493,0.815,-4.700,-2.700,0.460,0.000,UNLOADING,RRF,1
1766447117.762,0.931,0.675,-4.400,-2.400,0.376,0.000,UNLOADING,RRF,1
1766447117.819,0.911,0.732,-4.100,-2.100,0.053,0.000,UNLOADING,RRF,1
1766447117.876,0.479,0.704,-3.800,-1.800,0.601,0.000,UNLOADING,RRF,1
1766447117.933,0.855,0.600,-3.500,-1.500,0.467,0.000,UNLOADING,RRF,0
1766447117.990,1.057,0.344,-3.200,-1.200,0.276,0.000,UNLOADING,RRF,0
1766447118.047,1.561,-0.119,-2.900,-0.900,0.408,0.000,UNLOADING,RRF,0
1766447118.104,1.033,-0.378,-2.600,-0.600,10.089,0.000,UNLOADING,RRF,1
1766447118.161,1.376,-0.459,-2.300,-0.300,0.796,0.000,UNLOADING,RRF,1
1766447118.218,1.730,-0.588,-2.000,-0.000,0.629,0.000,LIFTING,RRF,1
1766447118.275,1.323,-0.901,-1.700,0.300,0.027,0.000,LIFTING,RRF,1
1766447118.332,1.291,-0.837,-1.400,0.600,0.372,0.000,LIFTING,RRF,1
1766447118.392,0.904,-0.941,-1.100,0.900,5.986,0.000,LIFTING,RRF,0
1766447118.449,0.608,-0.748,-0.800,1.200,0.397,0.000,LIFTING,RRF,0
1766447118.507,0.664,-0.673,-0.500,1.500,0.152,0.000,LIFTING,RRF,0
1766447118.565,0.359,-0.750,-0.200,1.800,0.612,0.000,LIFTING,RRF,0
1766447118.622,0.313,-0.716,0.100,2.100,0.149,0.000,LIFTING,RRF,0
1766447118.679,0.133,-0.714,0.400,2.400,0.431,0.000,LIFTING,RRF,0
1766447118.738,0.010,-0.611,0.700,2.700,0.353,0.000,LIFTING,RRF,0
1766447118.795,-0.133,-0.513,1.000,3.000,0.293,0.000,LIFTING,RRF,0
1766447118.855,-0.346,-0.479,1.300,3.300,0.411,0.000,LIFTING,RRF,0
1766447118.912,-0.540,-0.591,1.600,3.600,0.475,0.000,LIFTING,RRF,0
1766447118.970,-0.680,-0.232,1.900,3.900,0.375,0.000,LIFTING,RRF,0
1766447119.027,-0.784,-0.144,2.200,4.200,0.221,0.000,LIFTING,RRF,0
1766447119.084,-1.007,-0.099,2.500,4.500,0.481,0.000,LIFTING,RRF,0
1766447119.141,-1.148,0.174,2.800,4.800,0.373,0.000,LIFTING,RRF,0
1766447119.198,-1.348,0.262,3.100,5.100,0.391,0.000,LIFTING,RRF,0
1766447119.255,-1.724,0.420,3.400,5.400,0.609,0.000,LIFTING,RRF,0
1766447119.312,-2.002,0.434,3.700,5.700,0.410,0.000,DONE,RRF,0
1766447119.370,-2.530,0.518,4.000,6.000,0.818,0.000,RECENTERING,None,0
1766447119.427,-2.501,0.662,3.400,5.400,0.508,1.500,RECENTERING,None,0
1766447119.485,-3.087,1.133,2.800,4.800,0.252,1.500,RECENTERING,None,0
1766447119.542,-3.516,1.113,2.200,4.200,0.380,1.500,RECENTERING,None,1
1766447119.602,-3.608,0.793,1.600,3.600,0.490,0.158,RECENTERING,None,1
1766447119.660,-2.952,0.046,1.000,3.000,0.886,0.886,RECENTERING,None,1
1766447119.717,-3.034,0.012,0.400,2.400,0.056,0.056,RECENTERING,None,1
1766447119.774,-2.787,-0.124,0.000,1.800,0.642,0.642,RECENTERING,None,1
1766447119.831,-2.821,-0.119,0.000,1.200,0.501,0.501,RECENTERING,None,0
1766447119.888,-3.034,-0.071,0.000,0.600,0.217,0.217,RECENTERING,None,0
1766447119.946,-3.166,0.005,0.000,0.000,0.059,0.974,IDLE,None,0
1766447120.003,-2.614,0.202,0.000,0.000,0.648,0.384,IDLE,None,0
1766447120.063,-2.552,0.011,0.000,0.000,0.157,0.157,IDLE,None,0
1766447120.120,-2.648,0.033,0.000,0.000,0.077,0.077,IDLE,None,0
1766447120.177,-2.534,0.080,0.000,0.000,0.139,0.139,IDLE,None,0
1766447120.235,-2.433,0.069,0.000,0.000,0.033,0.000,IDLE,None,0
1766447120.293,-2.499,0.017,0.000,0.000,0.053,0.000,IDLE,None,0
1766447120.349,-2.569,0.078,0.000,0.000,0.056,0.076,IDLE,None,0
1766447120.407,-2.528,0.057,0.000,0.000,0.033,0.000,IDLE,None,0
1766447120.464,-2.420,0.006,0.000,0.000,0.138,0.171,IDLE,None,0
1766447120.522,-2.357,0.170,0.000,0.000,0.001,0.000,IDLE,None,0
1766447120.579,-2.227,0.019,0.000,0.000,0.103,0.102,IDLE,None,0
1766447120.636,-2.257,0.086,0.000,0.000,0.024,0.000,IDLE,None,0
1766447120.696,-2.229,0.079,0.000,0.000,0.073,0.000,IDLE,None,0
1766447120.753,-2.123,0.009,0.000,0.000,0.075,0.124,IDLE,None,0
1766447120.811,-2.142,0.049,0.000,0.000,0.101,0.101,IDLE,None,0
1766447120.868,-2.298,0.017,0.000,0.000,0.138,0.138,IDLE,None,0
1766447120.926,-2.463,-0.026,0.000,0.000,0.128,0.128,IDLE,None,0
1766447120.984,-2.428,0.003,0.000,0.000,0.082,0.082,IDLE,None,0
1766447121.041,-2.367,0.003,0.000,0.000,0.049,0.000,IDLE,None,0
1766447121.099,-2.374,-0.007,0.000,0.000,0.046,0.094,IDLE,None,0
1766447121.156,-2.099,0.026,0.000,0.000,0.289,0.289,IDLE,None,0
1766447121.213,-1.971,-0.054,0.000,0.000,0.029,0.000,IDLE,None,0
1766447121.270,-1.819,-0.027,0.000,0.000,0.125,0.154,IDLE,None,0
1766447121.327,-1.863,-0.027,0.000,0.000,0.086,0.086,IDLE,None,0
1766447121.384,-1.907,-0.117,0.000,0.000,0.035,0.000,IDLE,None,0
1766447121.442,-1.851,-0.056,0.000,0.000,0.044,0.000,IDLE,None,0
1766447121.499,-1.812,-0.037,0.000,0.000,0.031,0.000,IDLE,None,0
1766447121.556,-1.860,-0.084,0.000,0.000,0.038,0.000,IDLE,None,0
1766447121.614,-1.833,-0.047,0.000,0.000,0.021,0.000,IDLE,None,0
1766447121.671,-1.814,-0.047,0.000,0.000,0.016,0.000,IDLE,None,0
1766447121.728,-1.819,-0.099,0.000,0.000,0.004,0.000,IDLE,None,0
1766447121.788,-1.828,-0.064,0.000,0.000,0.007,0.000,IDLE,None,0
1766447121.846,-1.825,-0.058,0.000,0.000,0.003,0.000,IDLE,None,0
1766447121.903,-1.800,-0.085,0.000,0.000,0.020,0.050,IDLE,None,0
1766447121.960,-1.804,-0.059,0.000,0.000,0.003,0.000,IDLE,None,0
1766447122.017,-1.811,-0.074,0.000,0.000,0.005,0.000,IDLE,None,0
1766447122.074,-1.796,-0.095,0.000,0.000,0.012,0.000,IDLE,None,0
1766447122.132,-1.774,-0.074,0.000,0.000,0.018,0.000,IDLE,None,0
1766447122.189,-1.789,-0.090,0.000,0.000,0.013,0.000,IDLE,None,0
1766447122.246,-1.777,-0.094,0.000,0.000,0.010,0.000,IDLE,None,0
1766447122.305,-1.762,-0.075,0.000,0.000,0.012,0.000,IDLE,None,0
1766447122.362,-1.775,-0.092,0.000,0.000,0.011,0.000,IDLE,None,0
1766447122.420,-1.783,-0.093,0.000,0.000,0.006,0.000,IDLE,None,0
1766447122.477,-1.770,-0.085,0.000,0.000,0.010,0.000,IDLE,None,0
1766447122.534,-1.769,-0.104,0.000,0.000,0.001,0.000,IDLE,None,0
1766447122.591,-1.780,-0.104,0.000,0.000,0.009,0.000,IDLE,None,0
1766447122.649,-1.777,-0.094,0.000,0.000,0.002,0.000,IDLE,None,0
1766447122.706,-1.768,-0.113,0.000,0.000,0.007,0.000,IDLE,None,0
1766447122.763,-1.766,-0.099,0.000,0.000,0.002,0.000,IDLE,None,0
1766447122.823,-1.770,-0.095,0.000,0.000,0.003,0.000,IDLE,None,0
1766447122.880,-1.765,-0.102,0.000,0.000,0.004,0.000,IDLE,None,0
1766447122.940,-1.763,-0.091,0.000,0.000,0.002,0.000,IDLE,None,0
1766447122.997,-1.770,-0.094,0.000,0.000,0.006,0.000,IDLE,None,0
1766447123.054,-1.764,-0.090,0.000,0.000,0.005,0.000,IDLE,None,0
1766447123.111,-1.752,-0.079,0.000,0.000,0.009,0.000,IDLE,None,0
1766447123.168,-1.758,-0.089,0.000,0.000,0.004,0.000,IDLE,None,0
1766447123.226,-1.755,-0.089,0.000,0.000,0.002,0.000,IDLE,None,0
1766447123.283,-1.750,-0.086,0.000,0.000,0.004,0.000,IDLE,None,0
1766447123.340,-1.747,-0.094,0.000,0.000,0.003,0.000,IDLE,None,0
1766447123.398,-1.748,-0.090,0.000,0.000,0.001,0.000,IDLE,None,0
1766447123.456,-1.739,-0.086,0.000,0.000,0.007,0.000,IDLE,None,0
1766447123.513,-1.772,-0.091,0.000,0.000,0.026,0.000,IDLE,None,0
1766447123.570,-1.769,-0.088,0.000,0.000,0.002,0.000,IDLE,None,0
1766447123.627,-1.768,-0.084,0.000,0.000,0.001,0.000,IDLE,None,0
1766447123.684,-1.759,-0.081,0.000,0.000,0.008,0.000,IDLE,None,0
1766447123.742,-1.753,-0.078,0.000,0.000,0.005,0.000,IDLE,None,0
1766447123.800,-1.661,-0.082,0.000,0.000,0.122,0.160,IDLE,None,0
1766447123.857,-1.611,-0.086,0.000,0.000,0.008,0.000,IDLE,None,0
1766447123.914,-1.604,-0.086,0.000,0.000,0.006,0.000,IDLE,None,0
1766447123.971,-1.623,-0.093,0.000,0.000,0.016,0.000,IDLE,None,0
1766447124.028,-1.619,-0.090,0.000,0.000,0.003,0.000,IDLE,None,0
1766447124.085,-1.612,-0.081,0.000,0.000,0.005,0.000,IDLE,None,0
1766447124.142,-1.613,-0.092,0.000,0.000,0.000,0.000,IDLE,None,0
1766447124.199,-1.618,-0.095,0.000,0.000,0.004,0.000,IDLE,None,0
1766447124.256,-1.614,-0.091,0.000,0.000,0.003,0.000,IDLE,None,0
1766447124.313,-1.615,-0.098,0.000,0.000,0.001,0.000,IDLE,None,0
1766447124.370,-1.614,-0.094,0.000,0.000,0.001,0.000,IDLE,None,0
1766447124.428,-1.620,-0.090,0.000,0.000,0.005,0.000,IDLE,None,0
1766447124.485,-1.615,-0.086,0.000,0.000,0.003,0.000,IDLE,None,0
1766447124.542,-1.614,-0.083,0.000,0.000,0.001,0.000,IDLE,None,0
1766447124.599,-1.620,-0.090,0.000,0.000,0.004,0.000,IDLE,None,0
1766447124.657,-1.617,-0.086,0.000,0.000,0.002,0.000,IDLE,None,0
1766447124.714,-1.609,-0.083,0.000,0.000,0.007,0.000,IDLE,None,0
1766447124.771,-1.614,-0.090,0.000,0.000,0.005,0.000,IDLE,None,0
1766447124.828,-1.614,-0.086,0.000,0.000,0.001,0.000,IDLE,None,0
1766447124.885,-1.614,-0.078,0.000,0.000,0.001,0.000,IDLE,None,0
1766447124.942,-1.616,-0.075,0.000,0.000,0.001,0.000,IDLE,None,0
1766447124.999,-1.618,-0.072,0.000,0.000,0.002,0.000,IDLE,None,0
1766447125.056,-1.619,-0.069,0.000,0.000,0.000,0.000,IDLE,None,0
1766447125.113,-1.617,-0.074,0.000,0.000,0.002,0.000,IDLE,None,0
1766447125.170,-1.616,-0.071,0.000,0.000,0.001,0.000,IDLE,None,0
1766447125.227,-1.619,-0.068,0.000,0.000,0.002,0.000,IDLE,None,0
1766447125.283,-1.620,-0.066,0.000,0.000,0.001,0.000,IDLE,None,0
1766447125.340,-1.620,-0.063,0.000,0.000,0.000,0.000,IDLE,None,0
1766447125.397,-1.624,-0.061,0.000,0.000,0.003,0.000,IDLE,None,0
1766447125.454,-1.621,-0.058,0.000,0.000,0.002,0.000,IDLE,None,0
1766447125.511,-1.621,-0.056,0.000,0.000,0.000,0.000,IDLE,None,0
1766447125.568,-1.624,-0.054,0.000,0.000,0.003,0.000,IDLE,None,0
1766447125.625,-1.627,-0.051,0.000,0.000,0.003,0.000,IDLE,None,0
1766447125.682,-1.628,-0.049,0.000,0.000,0.001,0.000,IDLE,None,0
1766447125.739,-1.627,-0.047,0.000,0.000,0.001,0.000,IDLE,None,0
1766447125.795,-1.626,-0.045,0.000,0.000,0.001,0.000,IDLE,None,0
1766447125.852,-1.628,-0.044,0.000,0.000,0.002,0.000,IDLE,None,0
1766447125.908,-1.627,-0.042,0.000,0.000,0.001,0.000,IDLE,None,0
1766447125.964,-1.627,-0.040,0.000,0.000,0.001,0.000,IDLE,None,0
1766447126.021,-1.627,-0.039,0.000,0.000,0.001,0.000,IDLE,None,0
1766447126.077,-1.626,-0.037,0.000,0.000,0.001,0.000,IDLE,None,0
1766447126.133,-1.629,-0.073,0.000,0.000,0.002,0.000,IDLE,None,0
1766447126.189,-1.628,-0.078,0.000,0.000,0.001,0.000,IDLE,None,0
1766447126.246,-1.623,-0.075,0.000,0.000,0.003,0.000,IDLE,None,0
1766447126.302,-1.622,-0.072,0.000,0.000,0.001,0.000,IDLE,None,0
1766447126.359,-1.619,-0.069,0.000,0.000,0.002,0.000,IDLE,None,0
1766447126.415,-1.614,-0.067,0.000,0.000,0.004,0.000,IDLE,None,0
1766447126.471,-1.613,-0.064,0.000,0.000,0.001,0.000,IDLE,None,0
1766447126.531,-1.622,-0.070,0.000,0.000,0.007,0.000,IDLE,None,0
1766447126.587,-1.621,-0.067,0.000,0.000,0.000,0.000,IDLE,None,0
1766447126.643,-1.624,-0.064,0.000,0.000,0.002,0.000,IDLE,None,0
1766447126.700,-1.624,-0.062,0.000,0.000,0.000,0.000,IDLE,None,0
1766447126.756,-1.626,-0.059,0.000,0.000,0.002,0.000,IDLE,None,0
1766447126.812,-1.629,-0.057,0.000,0.000,0.003,0.000,IDLE,None,0
1766447126.871,-1.629,-0.055,0.000,0.000,0.000,0.000,IDLE,None,0
1766447126.927,-1.626,-0.061,0.000,0.000,0.002,0.000,IDLE,None,0
1766447126.983,-1.626,-0.026,0.000,0.000,0.001,0.000,IDLE,None,0
1766447127.040,-1.623,-0.025,0.000,0.000,0.002,0.000,IDLE,None,0
1766447127.096,-1.621,-0.024,0.000,0.000,0.001,0.000,IDLE,None,0
1766447127.153,-1.627,-0.023,0.000,0.000,0.004,0.000,IDLE,None,0
1766447127.209,-1.625,-0.022,0.000,0.000,0.001,0.000,IDLE,None,0
1766447127.265,-1.622,-0.021,0.000,0.000,0.002,0.000,IDLE,None,0
1766447127.321,-1.622,-0.028,0.000,0.000,0.001,0.000,IDLE,None,0
1766447127.379,-1.625,-0.027,0.000,0.000,0.003,0.000,IDLE,None,0
1766447127.435,-1.625,-0.026,0.000,0.000,0.000,0.000,IDLE,None,0
1766447127.491,-1.625,-0.025,0.000,0.000,0.001,0.000,IDLE,None,0
1766447127.547,-1.626,-0.024,0.000,0.000,0.001,0.000,IDLE,None,0
1766447127.604,-1.626,-0.023,0.000,0.000,0.000,0.000,IDLE,None,0
1766447127.661,-1.625,-0.031,0.000,0.000,0.000,0.000,IDLE,None,0
1766447127.717,-1.631,-0.030,0.000,0.000,0.005,0.000,IDLE,None,0
1766447127.774,-1.632,-0.029,0.000,0.000,0.001,0.000,IDLE,None,0
1766447127.830,-1.630,-0.028,0.000,0.000,0.002,0.000,IDLE,None,0
1766447127.886,-1.631,-0.027,0.000,0.000,0.001,0.000,IDLE,None,0
1766447127.942,-1.632,-0.026,0.000,0.000,0.001,0.000,IDLE,None,0
1766447127.998,-1.634,-0.025,0.000,0.000,0.001,0.000,IDLE,None,0
1766447128.055,-1.634,-0.024,0.000,0.000,0.001,0.000,IDLE,None,0
1766447128.111,-1.542,-0.023,0.000,0.000,0.123,0.095,IDLE,None,0
1766447128.167,-1.544,-0.022,0.000,0.000,0.050,0.050,IDLE,None,0
1766447128.224,-1.549,-0.021,0.000,0.000,0.004,0.000,IDLE,None,0
1766447128.281,-1.553,-0.028,0.000,0.000,0.003,0.000,IDLE,None,0
1766447128.336,-1.556,-0.027,0.000,0.000,0.003,0.000,IDLE,None,0
1766447128.393,-1.561,-0.026,0.000,0.000,0.004,0.000,IDLE,None,0
1766447128.450,-1.563,-0.025,0.000,0.000,0.001,0.000,IDLE,None,0
1766447128.506,-1.568,-0.024,0.000,0.000,0.004,0.000,IDLE,None,0
1766447128.563,-1.571,-0.023,0.000,0.000,0.003,0.000,IDLE,None,0
1766447128.619,-1.577,-0.022,0.000,0.000,0.005,0.000,IDLE,None,0
1766447128.676,-1.578,-0.021,0.000,0.000,0.000,0.000,IDLE,None,0
1766447128.732,-1.582,-0.020,0.000,0.000,0.003,0.000,IDLE,None,0
1766447128.789,-1.585,-0.019,0.000,0.000,0.003,0.000,IDLE,None,0
1766447128.845,-1.584,-0.019,0.000,0.000,0.001,0.000,IDLE,None,0
1766447128.902,-1.588,-0.018,0.000,0.000,0.004,0.000,IDLE,None,0
1766447128.959,-1.591,-0.017,0.000,0.000,0.002,0.000,IDLE,None,0
1766447129.015,-1.592,-0.016,0.000,0.000,0.001,0.000,IDLE,None,0
1766447129.072,-1.595,-0.016,0.000,0.000,0.002,0.000,IDLE,None,0
1766447129.128,-1.600,-0.015,0.000,0.000,0.005,0.000,IDLE,None,0
1766447129.185,-1.602,-0.014,0.000,0.000,0.001,0.000,IDLE,None,0
1766447129.241,-1.600,-0.014,0.000,0.000,0.002,0.000,IDLE,None,0
1766447129.298,-1.603,-0.013,0.000,0.000,0.003,0.000,IDLE,None,0
1766447129.355,-1.605,-0.013,0.000,0.000,0.001,0.000,IDLE,None,0
1766447129.411,-1.606,-0.012,0.000,0.000,0.002,0.050,IDLE,None,0
1766447129.467,-1.605,-0.012,0.000,0.000,0.002,0.000,IDLE,None,0
1766447129.524,-1.605,-0.011,0.000,0.000,0.000,0.000,IDLE,None,0
1766447129.580,-1.606,-0.011,0.000,0.000,0.001,0.000,IDLE,None,0
1766447129.636,-1.606,-0.010,0.000,0.000,0.000,0.000,IDLE,None,0
1766447129.693,-1.702,-0.018,0.000,0.000,0.125,0.125,IDLE,None,0
1766447129.749,-1.736,-0.021,0.000,0.000,0.021,0.000,IDLE,None,0
1766447129.806,-1.731,-0.020,0.000,0.000,0.005,0.000,IDLE,None,0
1766447129.865,-1.737,-0.019,0.000,0.000,0.005,0.000,IDLE,None,0
1766447129.921,-1.742,-0.023,0.000,0.000,0.004,0.000,IDLE,None,0
1766447129.978,-1.726,-0.022,0.000,0.000,0.013,0.000,IDLE,None,0
1766447130.034,-1.727,-0.025,0.000,0.000,0.000,0.000,IDLE,None,0
1766447130.090,-1.727,-0.029,0.000,0.000,0.000,0.000,IDLE,None,0
1766447130.147,-1.736,-0.028,0.000,0.000,0.007,0.000,IDLE,None,0
1766447130.203,-1.725,-0.035,0.000,0.000,0.009,0.000,IDLE,None,0
1766447130.259,-1.730,-0.037,0.000,0.000,0.004,0.000,IDLE,None,0
1766447130.316,-1.732,-0.036,0.000,0.000,0.002,0.000,IDLE,None,0
1766447130.372,-1.739,-0.034,0.000,0.000,0.005,0.000,IDLE,None,0
1766447130.429,-1.731,0.000,0.000,0.000,0.007,0.000,IDLE,None,0
1766447130.486,-1.738,0.000,0.000,0.000,0.006,0.000,IDLE,None,0
1766447130.542,-1.736,-0.010,0.000,0.000,0.002,0.000,IDLE,None,0
1766447130.599,-1.733,-0.009,0.000,0.000,0.002,0.000,IDLE,None,0
1766447130.655,-1.726,-0.009,0.000,0.000,0.005,0.000,IDLE,None,0
1766447130.711,-1.731,-0.005,0.000,0.000,0.004,0.000,IDLE,None,0
1766447130.767,-1.731,-0.005,0.000,0.000,0.000,0.000,IDLE,None,0
1766447130.824,-1.725,-0.005,0.000,0.000,0.005,0.000,IDLE,None,0
1766447130.880,-1.724,-0.004,0.000,0.000,0.000,0.000,IDLE,None,0
1766447130.936,-1.720,-0.004,0.000,0.000,0.003,0.000,IDLE,None,0
1766447130.995,-1.718,-0.004,0.000,0.000,0.002,0.000,IDLE,None,0
1766447131.052,-1.717,-0.004,0.000,0.000,0.001,0.000,IDLE,None,0
1766447131.109,-1.719,-0.004,0.000,0.000,0.001,0.000,IDLE,None,0
1766447131.165,-1.713,-0.014,0.000,0.000,0.004,0.000,IDLE,None,0
1766447131.221,-1.712,-0.014,0.000,0.000,0.001,0.000,IDLE,None,0
1766447131.277,-1.710,-0.013,0.000,0.000,0.002,0.000,IDLE,None,0
1766447131.334,-1.708,-0.013,0.000,0.000,0.002,0.000,IDLE,None,0
1766447131.391,-1.706,-0.012,0.000,0.000,0.001,0.000,IDLE,None,0
1766447131.449,-1.706,-0.019,0.000,0.000,0.001,0.000,IDLE,None,0
1766447131.506,-1.709,-0.019,0.000,0.000,0.003,0.000,IDLE,None,0
1766447131.562,-1.708,-0.018,0.000,0.000,0.001,0.000,IDLE,None,0
1766447131.618,-1.706,-0.017,0.000,0.000,0.001,0.000,IDLE,None,0
1766447131.675,-1.708,-0.017,0.000,0.000,0.002,0.000,IDLE,None,0
1766447131.733,-1.709,-0.016,0.000,0.000,0.001,0.000,IDLE,None,0
1766447131.791,-1.711,-0.015,0.000,0.000,0.001,0.000,IDLE,None,0
1766447131.847,-1.707,-0.015,0.000,0.000,0.003,0.000,IDLE,None,0
1766447131.905,-1.709,-0.014,0.000,0.000,0.001,0.000,IDLE,None,0
1766447131.961,-1.706,0.020,0.000,0.000,0.002,0.000,IDLE,None,0
1766447132.019,-1.704,0.019,0.000,0.000,0.001,0.000,IDLE,None,0
1766447132.075,-1.704,0.018,0.000,0.000,0.000,0.000,IDLE,None,0
1766447132.131,-1.706,0.018,0.000,0.000,0.002,0.000,IDLE,None,0
1766447132.189,-1.706,0.017,0.000,0.000,0.001,0.000,IDLE,None,0
1766447132.245,-1.741,0.016,0.000,0.000,0.027,0.000,IDLE,None,0
1766447132.302,-1.744,0.016,0.000,0.000,0.002,0.000,IDLE,None,0
1766447132.358,-1.743,0.015,0.000,0.000,0.001,0.000,IDLE,None,0
1766447132.415,-1.742,0.014,0.000,0.000,0.001,0.000,IDLE,None,0
1766447132.471,-1.737,0.014,0.000,0.000,0.004,0.000,IDLE,None,0
1766447132.527,-1.738,0.013,0.000,0.000,0.001,0.000,IDLE,None,0
1766447132.583,-1.736,0.013,0.000,0.000,0.001,0.000,IDLE,None,0
1766447132.640,-1.739,0.012,0.000,0.000,0.002,0.000,IDLE,None,0
1766447132.696,-1.739,0.003,0.000,0.000,0.001,0.000,IDLE,None,0
1766447132.753,-1.737,0.003,0.000,0.000,0.002,0.000,IDLE,None,0
1766447132.810,-1.699,0.003,0.000,0.000,0.030,0.051,IDLE,None,0
1766447132.866,-1.700,0.003,0.000,0.000,0.001,0.000,IDLE,None,0
1766447132.922,-1.795,0.003,0.000,0.000,0.125,0.126,IDLE,None,0
1766447132.979,-1.792,0.002,0.000,0.000,0.051,0.051,IDLE,None,0
1766447133.035,-1.790,0.002,0.000,0.000,0.002,0.000,IDLE,None,0
1766447133.091,-1.786,0.002,0.000,0.000,0.004,0.000,IDLE,None,0
1766447133.148,-1.783,0.002,0.000,0.000,0.002,0.000,IDLE,None,0
1766447133.205,-1.876,0.002,0.000,0.000,0.123,0.116,IDLE,None,0
1766447133.261,-1.868,-0.005,0.000,0.000,0.055,0.055,IDLE,None,0
1766447133.318,-1.858,-0.005,0.000,0.000,0.008,0.000,IDLE,None,0
1766447133.374,-1.852,-0.005,0.000,0.000,0.004,0.000,IDLE,None,0
1766447133.430,-1.846,-0.005,0.000,0.000,0.005,0.000,IDLE,None,0
1766447133.487,-1.839,-0.004,0.000,0.000,0.006,0.000,IDLE,None,0
1766447133.543,-1.831,-0.004,0.000,0.000,0.006,0.000,IDLE,None,0
1766447133.599,-1.828,-0.004,0.000,0.000,0.003,0.000,IDLE,None,0
1766447133.656,-1.827,-0.004,0.000,0.000,0.001,0.000,IDLE,None,0
1766447133.712,-1.826,-0.041,0.000,0.000,0.001,0.000,IDLE,None,0
1766447133.769,-1.822,-0.039,0.000,0.000,0.004,0.000,IDLE,None,0
1766447133.826,-1.819,-0.049,0.000,0.000,0.002,0.000,IDLE,None,0
1766447133.882,-1.814,-0.047,0.000,0.000,0.004,0.000,IDLE,None,0
1766447133.938,-1.809,-0.045,0.000,0.000,0.004,0.000,IDLE,None,0
1766447133.995,-1.806,-0.044,0.000,0.000,0.002,0.000,IDLE,None,0
1766447134.052,-1.801,-0.042,0.000,0.000,0.004,0.054,IDLE,None,0
1766447134.108,-1.797,-0.049,0.000,0.000,0.003,0.000,IDLE,None,0
1766447134.166,-1.794,-0.047,0.000,0.000,0.002,0.000,IDLE,None,0
1766447134.223,-1.789,-0.053,0.000,0.000,0.004,0.000,IDLE,None,0
1766447134.279,-1.783,-0.050,0.000,0.000,0.005,0.000,IDLE,None,0
1766447134.335,-1.780,-0.048,0.000,0.000,0.002,0.000,IDLE,None,0
1766447134.391,-1.777,-0.047,0.000,0.000,0.002,0.000,IDLE,None,0
1766447134.448,-1.778,-0.045,0.000,0.000,0.000,0.000,IDLE,None,0
1766447134.504,-1.772,-0.050,0.000,0.000,0.005,0.000,IDLE,None,0
1766447134.560,-1.767,-0.048,0.000,0.000,0.004,0.000,IDLE,None,0
1766447134.617,-1.768,-0.047,0.000,0.000,0.001,0.000,IDLE,None,0
1766447134.673,-1.765,-0.045,0.000,0.000,0.002,0.000,IDLE,None,0
1766447134.730,-1.766,-0.043,0.000,0.000,0.001,0.000,IDLE,None,0
1766447134.786,-1.765,-0.041,0.000,0.000,0.001,0.000,IDLE,None,0
1766447134.843,-1.762,-0.040,0.000,0.000,0.003,0.000,IDLE,None,0
1766447134.899,-1.761,-0.038,0.000,0.000,0.001,0.000,IDLE,None,0
1766447134.955,-1.761,-0.036,0.000,0.000,0.000,0.000,IDLE,None,0
1766447135.011,-1.758,-0.035,0.000,0.000,0.003,0.000,IDLE,None,0
1766447135.067,-1.753,-0.041,0.000,0.000,0.003,0.000,IDLE,None,0
1766447135.124,-1.753,-0.039,0.000,0.000,0.000,0.000,IDLE,None,0
1766447135.180,-1.752,-0.045,0.000,0.000,0.000,0.000,IDLE,None,0
1766447135.237,-1.751,-0.043,0.000,0.000,0.001,0.000,IDLE,None,0
1766447135.293,-1.750,-0.041,0.000,0.000,0.001,0.000,IDLE,None,0
1766447135.349,-1.749,-0.040,0.000,0.000,0.001,0.000,IDLE,None,0
1766447135.405,-1.745,-0.038,0.000,0.000,0.003,0.000,IDLE,None,0
1766447135.462,-1.743,-0.037,0.000,0.000,0.001,0.000,IDLE,None,0
1766447135.519,-1.744,-0.035,0.000,0.000,0.001,0.000,IDLE,None,0
1766447135.576,-1.746,-0.034,0.000,0.000,0.001,0.000,IDLE,None,0
1766447135.633,-1.744,-0.041,0.000,0.000,0.001,0.000,IDLE,None,0
1766447135.690,-1.744,-0.039,0.000,0.000,0.000,0.000,IDLE,None,0
1766447135.748,-1.741,-0.037,0.000,0.000,0.002,0.000,IDLE,None,0
1766447135.804,-1.740,-0.036,0.000,0.000,0.001,0.000,IDLE,None,0
1766447135.862,-1.741,-0.042,0.000,0.000,0.000,0.000,IDLE,None,0
1766447135.922,-1.742,-0.040,0.000,0.000,0.001,0.000,IDLE,None,0
1766447135.979,-1.742,-0.038,0.000,0.000,0.000,0.000,IDLE,None,0
1766447136.036,-1.743,-0.037,0.000,0.000,0.001,0.000,IDLE,None,0
1766447136.093,-1.744,-0.043,0.000,0.000,0.001,0.000,IDLE,None,0
1766447136.150,-1.741,-0.041,0.000,0.000,0.002,0.000,IDLE,None,0
1766447136.207,-1.647,-0.039,0.000,0.000,0.124,0.172,IDLE,None,0
1766447136.264,-1.656,-0.056,0.000,0.000,0.056,0.056,IDLE,None,0
1766447136.321,-1.757,-0.075,0.000,0.000,0.137,0.137,IDLE,None,0
1766447136.378,-1.723,-0.072,0.000,0.000,0.083,0.083,IDLE,None,0
1766447136.435,-1.700,-0.068,0.000,0.000,0.018,0.000,IDLE,None,0
1766447136.491,-1.712,-0.067,0.000,0.000,0.010,0.000,IDLE,None,0
1766447136.547,-1.704,-0.065,0.000,0.000,0.006,0.000,IDLE,None,0
1766447136.604,-1.707,-0.072,0.000,0.000,0.002,0.000,IDLE,None,0
1766447136.660,-1.711,-0.043,0.000,0.000,0.003,0.000,IDLE,None,0
1766447136.716,-1.726,-0.041,0.000,0.000,0.012,0.000,IDLE,None,0
1766447136.773,-1.715,-0.040,0.000,0.000,0.008,0.000,IDLE,None,0
1766447136.829,-1.721,-0.038,0.000,0.000,0.005,0.000,IDLE,None,0
1766447136.885,-1.719,-0.037,0.000,0.000,0.002,0.000,IDLE,None,0
1766447136.942,-1.719,-0.044,0.000,0.000,0.000,0.000,IDLE,None,0
1766447136.998,-1.717,-0.042,0.000,0.000,0.002,0.000,IDLE,None,0
1766447137.054,-1.723,-0.040,0.000,0.000,0.005,0.000,IDLE,None,0
1766447137.110,-1.725,-0.039,0.000,0.000,0.002,0.000,IDLE,None,0
1766447137.166,-1.726,-0.037,0.000,0.000,0.000,0.000,IDLE,None,0
1766447137.222,-1.724,-0.036,0.000,0.000,0.002,0.000,IDLE,None,0
1766447137.279,-1.723,-0.031,0.000,0.000,0.000,0.000,IDLE,None,0
1766447137.335,-1.723,-0.067,0.000,0.000,0.000,0.000,IDLE,None,0
1766447137.394,-1.718,-0.064,0.000,0.000,0.004,0.000,IDLE,None,0
1766447137.450,-1.724,-0.062,0.000,0.000,0.004,0.000,IDLE,None,0
1766447137.506,-1.725,-0.059,0.000,0.000,0.001,0.000,IDLE,None,0
1766447137.563,-1.720,-0.057,0.000,0.000,0.004,0.000,IDLE,None,0
1766447137.619,-1.716,-0.055,0.000,0.000,0.004,0.000,IDLE,None,0
1766447137.676,-1.719,-0.052,0.000,0.000,0.003,0.000,IDLE,None,0
1766447137.732,-1.715,-0.050,0.000,0.000,0.003,0.000,IDLE,None,0
1766447137.788,-1.712,-0.048,0.000,0.000,0.002,0.000,IDLE,None,0
1766447137.844,-1.715,-0.046,0.000,0.000,0.002,0.000,IDLE,None,0
1766447137.900,-1.719,-0.045,0.000,0.000,0.003,0.000,IDLE,None,0
1766447137.956,-1.722,-0.043,0.000,0.000,0.003,0.000,IDLE,None,0
1766447138.012,-1.724,-0.041,0.000,0.000,0.001,0.000,IDLE,None,0
1766447138.069,-1.726,-0.039,0.000,0.000,0.002,0.000,IDLE,None,0
1766447138.125,-1.725,-0.038,0.000,0.000,0.001,0.000,IDLE,None,0
1766447138.182,-1.728,-0.036,0.000,0.000,0.002,0.000,IDLE,None,0
1766447138.239,-1.730,-0.035,0.000,0.000,0.001,0.000,IDLE,None,0
1766447138.296,-1.728,-0.034,0.000,0.000,0.001,0.000,IDLE,None,0
1766447138.353,-1.727,-0.032,0.000,0.000,0.001,0.000,IDLE,None,0
1766447138.409,-1.725,-0.031,0.000,0.000,0.002,0.000,IDLE,None,0
1766447138.466,-1.725,-0.030,0.000,0.000,0.000,0.000,IDLE,None,0
1766447138.522,-1.723,-0.028,0.000,0.000,0.002,0.000,IDLE,None,0
1766447138.578,-1.721,-0.027,0.000,0.000,0.002,0.000,IDLE,None,0
1766447138.635,-1.723,-0.026,0.000,0.000,0.002,0.000,IDLE,None,0
1766447138.692,-1.721,-0.033,0.000,0.000,0.002,0.000,IDLE,None,0
1766447138.748,-1.720,-0.032,0.000,0.000,0.001,0.000,IDLE,None,0
1766447138.804,-1.719,-0.031,0.000,0.000,0.001,0.000,IDLE,None,0
1766447138.862,-1.721,-0.029,0.000,0.000,0.002,0.000,IDLE,None,0
1766447138.919,-1.720,-0.028,0.000,0.000,0.001,0.000,IDLE,None,0
1766447138.977,-1.725,-0.027,0.000,0.000,0.004,0.000,IDLE,None,0
1766447139.034,-1.726,-0.026,0.000,0.000,0.000,0.000,IDLE,None,0
1766447139.091,-1.719,-0.025,0.000,0.000,0.005,0.000,IDLE,None,0
1766447139.147,-1.720,-0.024,0.000,0.000,0.001,0.000,IDLE,None,0
1766447139.203,-1.722,-0.023,0.000,0.000,0.002,0.000,IDLE,None,0
1766447139.259,-1.719,-0.022,0.000,0.000,0.003,0.000,IDLE,None,0
1766447139.316,-1.714,-0.021,0.000,0.000,0.004,0.000,IDLE,None,0
1766447139.373,-1.714,-0.020,0.000,0.000,0.000,0.000,IDLE,None,0
1766447139.430,-1.715,-0.020,0.000,0.000,0.001,0.000,IDLE,None,0
1766447139.487,-1.714,-0.019,0.000,0.000,0.001,0.000,IDLE,None,0
1766447139.543,-1.718,-0.018,0.000,0.000,0.003,0.000,IDLE,None,0
1766447139.600,-1.719,-0.017,0.000,0.000,0.001,0.000,IDLE,None,0
1766447139.657,-1.718,-0.026,0.000,0.000,0.001,0.000,IDLE,None,0
1766447139.713,-1.716,-0.032,0.000,0.000,0.001,0.000,IDLE,None,0
1766447139.769,-1.719,-0.031,0.000,0.000,0.002,0.000,IDLE,None,0
1766447139.825,-1.724,-0.030,0.000,0.000,0.005,0.000,IDLE,None,0
1766447139.882,-1.720,-0.029,0.000,0.000,0.003,0.000,IDLE,None,0
1766447139.938,-1.723,-0.027,0.000,0.000,0.002,0.000,IDLE,None,0
1766447139.994,-1.726,-0.026,0.000,0.000,0.002,0.000,IDLE,None,0
1766447140.050,-1.723,-0.025,0.000,0.000,0.002,0.000,IDLE,None,0
1766447140.107,-1.724,-0.024,0.000,0.000,0.001,0.000,IDLE,None,0
1766447140.164,-1.727,-0.023,0.000,0.000,0.002,0.000,IDLE,None,0
1766447140.223,-1.730,-0.030,0.000,0.000,0.003,0.000,IDLE,None,0
1766447140.280,-1.727,-0.028,0.000,0.000,0.002,0.000,IDLE,None,0
1766447140.336,-1.730,-0.023,0.000,0.000,0.002,0.000,IDLE,None,0
1766447140.394,-1.731,-0.031,0.000,0.000,0.000,0.000,IDLE,None,0
1766447140.450,-1.732,-0.030,0.000,0.000,0.002,0.000,IDLE,None,0
1766447140.506,-1.732,-0.029,0.000,0.000,0.000,0.000,IDLE,None,0
1766447140.563,-1.735,-0.036,0.000,0.000,0.002,0.000,IDLE,None,0
1766447140.619,-1.735,-0.035,0.000,0.000,0.000,0.000,IDLE,None,0
1766447140.675,-1.735,-0.033,0.000,0.000,0.001,0.000,IDLE,None,0
1766447140.732,-1.733,-0.032,0.000,0.000,0.002,0.000,IDLE,None,0
1766447140.788,-1.736,-0.031,0.000,0.000,0.002,0.000,IDLE,None,0
1766447140.845,-1.737,-0.029,0.000,0.000,0.000,0.000,IDLE,None,0
1766447140.902,-1.737,-0.028,0.000,0.000,0.000,0.000,IDLE,None,0
1766447140.958,-1.736,-0.027,0.000,0.000,0.001,0.000,IDLE,None,0
1766447141.015,-1.735,-0.026,0.000,0.000,0.000,0.000,IDLE,None,0
1766447141.071,-1.734,0.005,0.000,0.000,0.000,0.000,IDLE,None,0
1766447141.127,-1.738,-0.008,0.000,0.000,0.003,0.000,IDLE,None,0
1766447141.183,-1.739,-0.008,0.000,0.000,0.001,0.000,IDLE,None,0
1766447141.239,-1.739,-0.008,0.000,0.000,0.000,0.000,IDLE,None,0
1766447141.296,-1.739,-0.007,0.000,0.000,0.000,0.000,IDLE,None,0
1766447141.352,-1.738,-0.007,0.000,0.000,0.001,0.000,IDLE,None,0
1766447141.408,-1.736,-0.007,0.000,0.000,0.002,0.000,IDLE,None,0
1766447141.465,-1.734,-0.007,0.000,0.000,0.002,0.000,IDLE,None,0
1766447141.522,-1.733,-0.006,0.000,0.000,0.001,0.000,IDLE,None,0
1766447141.578,-1.731,-0.006,0.000,0.000,0.001,0.000,IDLE,None,0
1766447141.634,-1.731,-0.006,0.000,0.000,0.000,0.000,IDLE,None,0
1766447141.692,-1.729,-0.006,0.000,0.000,0.002,0.000,IDLE,None,0
1766447141.748,-1.727,-0.018,0.000,0.000,0.002,0.000,IDLE,None,0
1766447141.805,-1.726,-0.017,0.000,0.000,0.001,0.000,IDLE,None,0
1766447141.861,-1.726,-0.016,0.000,0.000,0.000,0.000,IDLE,None,0
1766447141.918,-1.726,-0.016,0.000,0.000,0.000,0.000,IDLE,None,0
1766447141.974,-1.725,-0.015,0.000,0.000,0.001,0.000,IDLE,None,0
1766447142.030,-1.727,-0.014,0.000,0.000,0.002,0.000,IDLE,None,0
1766447142.086,-1.726,-0.014,0.000,0.000,0.001,0.000,IDLE,None,0
1766447142.143,-1.730,-0.013,0.000,0.000,0.003,0.000,IDLE,None,0
1766447142.199,-1.734,-0.013,0.000,0.000,0.004,0.000,IDLE,None,0
1766447142.256,-1.732,-0.012,0.000,0.000,0.002,0.000,IDLE,None,0
1766447142.313,-1.730,-0.012,0.000,0.000,0.002,0.000,IDLE,None,0
1766447142.369,-1.731,-0.011,0.000,0.000,0.001,0.000,IDLE,None,0
1766447142.425,-1.729,-0.011,0.000,0.000,0.002,0.000,IDLE,None,0
1766447142.481,-1.726,-0.010,0.000,0.000,0.002,0.000,IDLE,None,0
1766447142.538,-1.726,-0.010,0.000,0.000,0.000,0.000,IDLE,None,0
1766447142.594,-1.728,-0.010,0.000,0.000,0.001,0.000,IDLE,None,0
1766447142.650,-1.728,-0.009,0.000,0.000,0.000,0.000,IDLE,None,0
1766447142.707,-1.729,-0.009,0.000,0.000,0.001,0.000,IDLE,None,0
1766447142.763,-1.731,-0.009,0.000,0.000,0.002,0.000,IDLE,None,0
1766447142.820,-1.729,-0.008,0.000,0.000,0.002,0.000,IDLE,None,0
1766447142.876,-1.728,-0.008,0.000,0.000,0.001,0.000,IDLE,None,0
1766447142.933,-1.727,-0.008,0.000,0.000,0.001,0.000,IDLE,None,0
1766447142.990,-1.725,-0.007,0.000,0.000,0.001,0.000,IDLE,None,0
1766447143.046,-1.730,-0.007,0.000,0.000,0.003,0.000,IDLE,None,0
1766447143.102,-1.730,-0.007,0.000,0.000,0.001,0.000,IDLE,None,0
1766447143.158,-1.728,-0.006,0.000,0.000,0.002,0.000,IDLE,None,0
1766447143.214,-1.731,-0.006,0.000,0.000,0.002,0.000,IDLE,None,0
1766447143.271,-1.731,-0.006,0.000,0.000,0.000,0.000,IDLE,None,0
1766447143.328,-1.732,-0.006,0.000,0.000,0.001,0.000,IDLE,None,0
1766447143.384,-1.736,-0.009,0.000,0.000,0.003,0.000,IDLE,None,0
1766447143.440,-1.738,-0.009,0.000,0.000,0.001,0.000,IDLE,None,0
1766447143.496,-1.736,-0.009,0.000,0.000,0.001,0.000,IDLE,None,0
1766447143.552,-1.737,-0.008,0.000,0.000,0.001,0.000,IDLE,None,0
1766447143.609,-1.738,-0.008,0.000,0.000,0.001,0.000,IDLE,None,0
1766447143.665,-1.735,-0.008,0.000,0.000,0.003,0.000,IDLE,None,0
1766447143.722,-1.730,-0.021,0.000,0.000,0.004,0.000,IDLE,None,0
1766447143.778,-1.732,-0.021,0.000,0.000,0.001,0.000,IDLE,None,0
1766447143.834,-1.730,-0.020,0.000,0.000,0.001,0.000,IDLE,None,0
1766447143.890,-1.730,-0.019,0.000,0.000,0.000,0.000,IDLE,None,0
1766447143.947,-1.730,-0.018,0.000,0.000,0.000,0.000,IDLE,None,0
1766447144.003,-1.729,-0.017,0.000,0.000,0.001,0.000,IDLE,None,0
1766447144.061,-1.727,-0.017,0.000,0.000,0.001,0.000,IDLE,None,0
1766447144.118,-1.729,-0.024,0.000,0.000,0.001,0.000,IDLE,None,0
1766447144.174,-1.732,-0.028,0.000,0.000,0.003,0.000,IDLE,None,0
1766447144.231,-1.735,-0.027,0.000,0.000,0.002,0.000,IDLE,None,0
1766447144.287,-1.733,-0.026,0.000,0.000,0.002,0.000,IDLE,None,0
1766447144.344,-1.729,-0.025,0.000,0.000,0.003,0.000,IDLE,None,0
1766447144.400,-1.728,-0.024,0.000,0.000,0.001,0.000,IDLE,None,0
1766447144.457,-1.729,-0.023,0.000,0.000,0.001,0.000,IDLE,None,0
1766447144.513,-1.729,-0.029,0.000,0.000,0.000,0.000,IDLE,None,0
1766447144.569,-1.730,-0.028,0.000,0.000,0.000,0.000,IDLE,None,0
1766447144.626,-1.732,-0.027,0.000,0.000,0.002,0.000,IDLE,None,0
1766447144.682,-1.732,-0.026,0.000,0.000,0.000,0.000,IDLE,None,0
1766447144.741,-1.731,-0.032,0.000,0.000,0.001,0.000,IDLE,None,0
1766447144.797,-1.735,-0.031,0.000,0.000,0.003,0.000,IDLE,None,0
1766447144.854,-1.736,-0.030,0.000,0.000,0.001,0.000,IDLE,None,0
1766447144.910,-1.732,-0.029,0.000,0.000,0.004,0.000,IDLE,None,0
1766447144.966,-1.730,-0.027,0.000,0.000,0.001,0.000,IDLE,None,0
1766447145.023,-1.733,-0.026,0.000,0.000,0.002,0.000,IDLE,None,0
1766447145.079,-1.732,-0.025,0.000,0.000,0.000,0.000,IDLE,None,0
1766447145.136,-1.731,-0.024,0.000,0.000,0.001,0.000,IDLE,None,0
1766447145.192,-1.731,-0.031,0.000,0.000,0.000,0.000,IDLE,None,0
1766447145.248,-1.730,-0.030,0.000,0.000,0.001,0.000,IDLE,None,0
1766447145.304,-1.731,-0.029,0.000,0.000,0.000,0.000,IDLE,None,0
1766447145.361,-1.730,-0.028,0.000,0.000,0.001,0.000,IDLE,None,0
1766447145.417,-1.732,-0.027,0.000,0.000,0.002,0.000,IDLE,None,0
1766447145.474,-1.732,-0.026,0.000,0.000,0.000,0.000,IDLE,None,0
1766447145.531,-1.734,-0.025,0.000,0.000,0.002,0.000,IDLE,None,0
1766447145.587,-1.735,-0.024,0.000,0.000,0.001,0.000,IDLE,None,0
1766447145.644,-1.734,-0.023,0.000,0.000,0.001,0.000,IDLE,None,0
1766447145.700,-1.737,-0.022,0.000,0.000,0.003,0.000,IDLE,None,0
1766447145.757,-1.736,-0.021,0.000,0.000,0.001,0.000,IDLE,None,0
1766447145.813,-1.740,-0.020,0.000,0.000,0.003,0.000,IDLE,None,0
1766447145.870,-1.745,-0.019,0.000,0.000,0.005,0.000,IDLE,None,0
1766447145.927,-1.742,-0.018,0.000,0.000,0.003,0.000,IDLE,None,0
1766447145.983,-1.737,-0.018,0.000,0.000,0.004,0.000,IDLE,None,0
1766447146.040,-1.737,-0.017,0.000,0.000,0.000,0.000,IDLE,None,0
1766447146.096,-1.737,-0.024,0.000,0.000,0.000,0.000,IDLE,None,0
1766447146.153,-1.736,-0.023,0.000,0.000,0.001,0.000,IDLE,None,0
1766447146.209,-1.735,-0.022,0.000,0.000,0.001,0.000,IDLE,None,0
1766447146.266,-1.734,-0.021,0.000,0.000,0.000,0.000,IDLE,None,0
1766447146.322,-1.642,-0.058,0.000,0.000,0.123,0.113,IDLE,None,0
1766447146.379,-1.632,-0.068,0.000,0.000,0.041,0.000,IDLE,None,0
1766447146.436,-1.562,-0.066,0.000,0.000,0.056,0.000,IDLE,None,0
1766447146.492,-1.543,-0.068,0.000,0.000,0.015,0.000,IDLE,None,0
1766447146.548,-1.558,-0.069,0.000,0.000,0.012,0.000,IDLE,None,0
1766447146.605,-1.537,-0.063,0.000,0.000,0.017,0.000,IDLE,None,0
1766447146.662,-1.542,-0.060,0.000,0.000,0.004,0.000,IDLE,None,0
1766447146.718,-1.546,-0.058,0.000,0.000,0.003,0.000,IDLE,None,0
1766447146.774,-1.561,-0.055,0.000,0.000,0.012,0.000,IDLE,None,0
1766447146.830,-1.555,-0.053,0.000,0.000,0.004,0.000,IDLE,None,0
1766447146.886,-1.555,-0.058,0.000,0.000,0.000,0.000,IDLE,None,0
1766447146.942,-1.562,-0.056,0.000,0.000,0.006,0.000,IDLE,None,0
1766447146.999,-1.560,-0.054,0.000,0.000,0.002,0.000,IDLE,None,0
1766447147.056,-1.557,-0.051,0.000,0.000,0.002,0.000,IDLE,None,0
1766447147.112,-1.561,-0.049,0.000,0.000,0.003,0.000,IDLE,None,0
1766447147.169,-1.562,-0.047,0.000,0.000,0.001,0.000,IDLE,None,0
1766447147.225,-1.555,-0.046,0.000,0.000,0.005,0.000,IDLE,None,0
1766447147.282,-1.555,-0.044,0.000,0.000,0.000,0.000,IDLE,None,0
1766447147.338,-1.559,-0.042,0.000,0.000,0.003,0.000,IDLE,None,0
1766447147.394,-1.561,-0.040,0.000,0.000,0.002,0.000,IDLE,None,0
1766447147.451,-1.648,-0.039,0.000,0.000,0.119,0.103,IDLE,None,0
1766447147.507,-1.695,-0.062,0.000,0.000,0.012,0.000,IDLE,None,0
1766447147.563,-1.672,-0.056,0.000,0.000,0.018,0.000,IDLE,None,0
1766447147.619,-1.665,-0.049,0.000,0.000,0.006,0.000,IDLE,None,0
1766447147.677,-1.675,-0.047,0.000,0.000,0.009,0.000,IDLE,None,0
1766447147.733,-1.664,-0.045,0.000,0.000,0.009,0.000,IDLE,None,0
1766447147.790,-1.659,-0.044,0.000,0.000,0.004,0.000,IDLE,None,0
1766447147.847,-1.651,-0.042,0.000,0.000,0.006,0.000,IDLE,None,0
1766447147.905,-1.658,-0.040,0.000,0.000,0.006,0.000,IDLE,None,0
1766447147.962,-1.648,-0.039,0.000,0.000,0.008,0.000,IDLE,None,0
1766447148.019,-1.648,-0.037,0.000,0.000,0.000,0.000,IDLE,None,0
1766447148.075,-1.647,-0.036,0.000,0.000,0.001,0.050,IDLE,None,0
1766447148.133,-1.650,-0.034,0.000,0.000,0.003,0.000,IDLE,None,0
1766447148.189,-1.647,-0.033,0.000,0.000,0.002,0.000,IDLE,None,0
1766447148.246,-1.645,-0.041,0.000,0.000,0.001,0.000,IDLE,None,0
1766447148.303,-1.645,-0.040,0.000,0.000,0.000,0.000,IDLE,None,0
1766447148.359,-1.642,-0.038,0.000,0.000,0.002,0.000,IDLE,None,0
1766447148.416,-1.639,-0.037,0.000,0.000,0.002,0.000,IDLE,None,0
1766447148.472,-1.638,-0.035,0.000,0.000,0.001,0.000,IDLE,None,0
1766447148.529,-1.674,-0.034,0.000,0.000,0.029,0.000,IDLE,None,0
1766447148.586,-1.671,-0.032,0.000,0.000,0.003,0.000,IDLE,None,0
1766447148.642,-1.668,-0.039,0.000,0.000,0.002,0.000,IDLE,None,0
1766447148.701,-1.671,-0.038,0.000,0.000,0.003,0.000,IDLE,None,0
1766447148.757,-1.664,-0.036,0.000,0.000,0.005,0.000,IDLE,None,0
1766447148.814,-1.665,-0.035,0.000,0.000,0.000,0.000,IDLE,None,0
1766447148.870,-1.663,-0.034,0.000,0.000,0.001,0.000,IDLE,None,0
1766447148.927,-1.663,-0.032,0.000,0.000,0.001,0.000,IDLE,None,0
1766447148.984,-1.656,-0.031,0.000,0.000,0.005,0.000,IDLE,None,0
1766447149.040,-1.656,-0.030,0.000,0.000,0.001,0.000,IDLE,None,0
1766447149.097,-1.658,-0.028,0.000,0.000,0.002,0.000,IDLE,None,0
1766447149.154,-1.661,-0.027,0.000,0.000,0.002,0.000,IDLE,None,0
1766447149.210,-1.658,-0.026,0.000,0.000,0.002,0.000,IDLE,None,0
1766447149.267,-1.657,-0.025,0.000,0.000,0.001,0.000,IDLE,None,0
1766447149.323,-1.653,-0.024,0.000,0.000,0.003,0.000,IDLE,None,0
1766447149.380,-1.649,-0.023,0.000,0.000,0.003,0.000,IDLE,None,0
1766447149.436,-1.651,-0.022,0.000,0.000,0.001,0.000,IDLE,None,0
1766447149.493,-1.654,-0.021,0.000,0.000,0.002,0.000,IDLE,None,0
1766447149.550,-1.653,-0.021,0.000,0.000,0.001,0.000,IDLE,None,0
1766447149.607,-1.651,-0.020,0.000,0.000,0.001,0.000,IDLE,None,0
1766447149.663,-1.650,-0.019,0.000,0.000,0.001,0.000,IDLE,None,0
1766447149.719,-1.653,-0.018,0.000,0.000,0.002,0.000,IDLE,None,0
1766447149.776,-1.649,-0.017,0.000,0.000,0.003,0.000,IDLE,None,0
1766447149.832,-1.649,-0.017,0.000,0.000,0.000,0.000,IDLE,None,0
1766447149.889,-1.644,-0.024,0.000,0.000,0.004,0.000,IDLE,None,0
1766447149.945,-1.643,-0.023,0.000,0.000,0.001,0.000,IDLE,None,0
1766447150.002,-1.642,-0.022,0.000,0.000,0.001,0.000,IDLE,None,0
1766447150.058,-1.641,-0.021,0.000,0.000,0.001,0.000,IDLE,None,0
1766447150.115,-1.636,-0.020,0.000,0.000,0.004,0.000,IDLE,None,0
1766447150.171,-1.631,-0.019,0.000,0.000,0.004,0.000,IDLE,None,0
1766447150.227,-1.632,-0.019,0.000,0.000,0.001,0.000,IDLE,None,0
1766447150.284,-1.630,-0.018,0.000,0.000,0.002,0.000,IDLE,None,0
1766447150.340,-1.627,-0.027,0.000,0.000,0.002,0.000,IDLE,None,0
1766447150.396,-1.630,-0.026,0.000,0.000,0.003,0.000,IDLE,None,0
1766447150.452,-1.629,-0.025,0.000,0.000,0.001,0.000,IDLE,None,0
1766447150.510,-1.630,-0.024,0.000,0.000,0.001,0.000,IDLE,None,0
1766447150.566,-1.628,-0.023,0.000,0.000,0.001,0.000,IDLE,None,0
1766447150.623,-1.629,-0.022,0.000,0.000,0.000,0.000,IDLE,None,0
1766447150.679,-1.628,-0.021,0.000,0.000,0.001,0.000,IDLE,None,0
1766447150.736,-1.624,-0.020,0.000,0.000,0.003,0.000,IDLE,None,0
1766447150.794,-1.624,-0.019,0.000,0.000,0.000,0.000,IDLE,None,0
1766447150.851,-1.625,-0.019,0.000,0.000,0.000,0.000,IDLE,None,0
1766447150.909,-1.621,-0.018,0.000,0.000,0.002,0.000,IDLE,None,0
1766447150.966,-1.621,-0.017,0.000,0.000,0.001,0.000,IDLE,None,0
1766447151.022,-1.620,-0.017,0.000,0.000,0.000,0.000,IDLE,None,0
1766447151.079,-1.617,-0.016,0.000,0.000,0.002,0.000,IDLE,None,0
1766447151.135,-1.612,-0.015,0.000,0.000,0.004,0.000,IDLE,None,0
1766447151.192,-1.610,-0.015,0.000,0.000,0.001,0.000,IDLE,None,0
1766447151.249,-1.608,-0.014,0.000,0.000,0.002,0.000,IDLE,None,0
1766447151.305,-1.609,-0.013,0.000,0.000,0.001,0.000,IDLE,None,0
1766447151.361,-1.608,-0.013,0.000,0.000,0.001,0.000,IDLE,None,0
1766447151.418,-1.608,-0.012,0.000,0.000,0.000,0.000,IDLE,None,0
1766447151.474,-1.610,-0.012,0.000,0.000,0.002,0.000,IDLE,None,0
1766447151.531,-1.608,-0.011,0.000,0.000,0.002,0.000,IDLE,None,0
1766447151.587,-1.610,-0.011,0.000,0.000,0.002,0.000,IDLE,None,0
1766447151.644,-1.608,-0.011,0.000,0.000,0.001,0.000,IDLE,None,0
1766447151.700,-1.608,-0.010,0.000,0.000,0.000,0.000,IDLE,None,0
1766447151.756,-1.606,-0.010,0.000,0.000,0.002,0.000,IDLE,None,0
1766447151.813,-1.607,-0.009,0.000,0.000,0.001,0.000,IDLE,None,0
1766447151.869,-1.604,-0.009,0.000,0.000,0.002,0.000,IDLE,None,0
1766447151.927,-1.603,-0.009,0.000,0.000,0.001,0.000,IDLE,None,0
1766447151.983,-1.601,-0.008,0.000,0.000,0.002,0.000,IDLE,None,0
1766447152.040,-1.605,-0.008,0.000,0.000,0.003,0.000,IDLE,None,0
1766447152.097,-1.603,-0.008,0.000,0.000,0.001,0.000,IDLE,None,0
1766447152.153,-1.602,-0.007,0.000,0.000,0.001,0.000,IDLE,None,0
1766447152.210,-1.603,-0.007,0.000,0.000,0.001,0.000,IDLE,None,0
1766447152.266,-1.598,-0.007,0.000,0.000,0.004,0.000,IDLE,None,0
1766447152.323,-1.599,-0.006,0.000,0.000,0.000,0.000,IDLE,None,0
1766447152.379,-1.598,-0.006,0.000,0.000,0.001,0.000,IDLE,None,0
1766447152.435,-1.597,-0.006,0.000,0.000,0.000,0.000,IDLE,None,0
1766447152.492,-1.599,-0.006,0.000,0.000,0.001,0.000,IDLE,None,0
1766447152.548,-1.601,-0.005,0.000,0.000,0.002,0.000,IDLE,None,0
1766447152.604,-1.599,-0.005,0.000,0.000,0.002,0.000,IDLE,None,0
1766447152.661,-1.597,-0.005,0.000,0.000,0.002,0.000,IDLE,None,0
1766447152.718,-1.599,-0.005,0.000,0.000,0.002,0.000,IDLE,None,0
1766447152.774,-1.601,-0.012,0.000,0.000,0.002,0.000,IDLE,None,0
1766447152.833,-1.596,-0.012,0.000,0.000,0.004,0.000,IDLE,None,0
1766447152.889,-1.597,-0.011,0.000,0.000,0.001,0.000,IDLE,None,0
1766447152.945,-1.591,-0.011,0.000,0.000,0.005,0.000,IDLE,None,0
1766447153.001,-1.591,-0.010,0.000,0.000,0.000,0.000,IDLE,None,0
1766447153.057,-1.585,-0.010,0.000,0.000,0.004,0.000,IDLE,None,0
1766447153.114,-1.583,-0.010,0.000,0.000,0.002,0.051,IDLE,None,0
1766447153.171,-1.562,-0.023,0.000,0.000,0.017,0.000,IDLE,None,0
1766447153.228,-1.538,-0.033,0.000,0.000,0.019,0.000,IDLE,None,0
1766447153.284,-1.562,-0.032,0.000,0.000,0.019,0.000,IDLE,None,0
1766447153.341,-1.553,-0.031,0.000,0.000,0.007,0.000,IDLE,None,0
1766447153.397,-1.550,-0.025,0.000,0.000,0.002,0.000,IDLE,None,0
1766447153.454,-1.550,-0.024,0.000,0.000,0.000,0.000,IDLE,None,0
1766447153.510,-1.556,-0.023,0.000,0.000,0.005,0.000,IDLE,None,0
1766447153.566,-1.557,-0.022,0.000,0.000,0.000,0.000,IDLE,None,0
1766447153.623,-1.554,-0.021,0.000,0.000,0.002,0.000,IDLE,None,0
1766447153.680,-1.560,-0.020,0.000,0.000,0.004,0.000,IDLE,None,0
1766447153.736,-1.564,-0.019,0.000,0.000,0.004,0.000,IDLE,None,0
1766447153.792,-1.568,-0.019,0.000,0.000,0.003,0.000,IDLE,None,0
1766447153.849,-1.569,-0.018,0.000,0.000,0.001,0.000,IDLE,None,0
1766447153.905,-1.576,-0.017,0.000,0.000,0.005,0.000,IDLE,None,0
1766447153.962,-1.570,-0.016,0.000,0.000,0.005,0.000,IDLE,None,0
1766447154.018,-1.572,-0.016,0.000,0.000,0.001,0.000,IDLE,None,0
1766447154.074,-1.571,-0.015,0.000,0.000,0.001,0.000,IDLE,None,0
1766447154.131,-1.574,-0.015,0.000,0.000,0.003,0.000,IDLE,None,0
1766447154.187,-1.573,-0.014,0.000,0.000,0.001,0.000,IDLE,None,0
1766447154.243,-1.574,-0.013,0.000,0.000,0.001,0.000,IDLE,None,0
1766447154.299,-1.577,-0.013,0.000,0.000,0.003,0.000,IDLE,None,0
1766447154.356,-1.577,-0.012,0.000,0.000,0.000,0.000,IDLE,None,0
1766447154.412,-1.576,-0.012,0.000,0.000,0.001,0.000,IDLE,None,0
1766447154.469,-1.575,-0.011,0.000,0.000,0.000,0.000,IDLE,None,0
1766447154.525,-1.573,-0.011,0.000,0.000,0.002,0.000,IDLE,None,0
1766447154.582,-1.570,-0.048,0.000,0.000,0.002,0.000,IDLE,None,0
1766447154.638,-1.568,-0.046,0.000,0.000,0.002,0.000,IDLE,None,0
1766447154.694,-1.571,-0.045,0.000,0.000,0.002,0.000,IDLE,None,0
1766447154.751,-1.572,-0.051,0.000,0.000,0.001,0.000,IDLE,None,0
1766447154.807,-1.569,-0.045,0.000,0.000,0.002,0.000,IDLE,None,0
1766447154.864,-1.572,-0.044,0.000,0.000,0.002,0.000,IDLE,None,0
1766447154.920,-1.573,-0.042,0.000,0.000,0.001,0.000,IDLE,None,0
1766447154.977,-1.576,-0.040,0.000,0.000,0.002,0.000,IDLE,None,0
1766447155.033,-1.579,-0.039,0.000,0.000,0.002,0.000,IDLE,None,0
1766447155.089,-1.578,-0.037,0.000,0.000,0.000,0.000,IDLE,None,0
1766447155.148,-1.577,-0.036,0.000,0.000,0.001,0.000,IDLE,None,0
1766447155.204,-1.578,-0.034,0.000,0.000,0.000,0.000,IDLE,None,0
1766447155.262,-1.582,-0.033,0.000,0.000,0.004,0.000,IDLE,None,0
1766447155.318,-1.585,-0.031,0.000,0.000,0.002,0.000,IDLE,None,0
1766447155.375,-1.583,-0.030,0.000,0.000,0.002,0.000,IDLE,None,0
1766447155.431,-1.585,-0.029,0.000,0.000,0.002,0.000,IDLE,None,0
1766447155.488,-1.491,-0.028,0.000,0.000,0.124,0.122,IDLE,None,0
1766447155.544,-1.386,-0.032,0.000,0.000,0.076,0.076,IDLE,None,0
1766447155.600,-1.321,-0.025,0.000,0.000,0.011,0.000,IDLE,None,0
1766447155.656,-1.365,-0.031,0.000,0.000,0.035,0.000,IDLE,None,0
1766447155.713,-1.416,-0.041,0.000,0.000,0.041,0.064,IDLE,None,0
1766447155.769,-1.380,-0.052,0.000,0.000,0.028,0.000,IDLE,None,0
1766447155.825,-1.378,-0.063,0.000,0.000,0.001,0.000,IDLE,None,0
1766447155.882,-1.396,-0.058,0.000,0.000,0.014,0.000,IDLE,None,0
1766447155.939,-1.398,-0.013,0.000,0.000,0.002,0.000,IDLE,None,0
1766447155.995,-1.373,-0.022,0.000,0.000,0.020,0.000,IDLE,None,0
1766447156.051,-1.386,-0.021,0.000,0.000,0.010,0.000,IDLE,None,0
1766447156.107,-1.406,-0.020,0.000,0.000,0.016,0.000,IDLE,None,0
1766447156.164,-1.394,-0.030,0.000,0.000,0.009,0.000,IDLE,None,0
1766447156.220,-1.382,-0.028,0.000,0.000,0.009,0.000,IDLE,None,0
1766447156.278,-1.406,-0.027,0.000,0.000,0.019,0.000,IDLE,None,0
1766447156.335,-1.408,-0.026,0.000,0.000,0.001,0.000,IDLE,None,0
1766447156.393,-1.384,-0.025,0.000,0.000,0.019,0.000,IDLE,None,0
1766447156.450,-1.391,-0.031,0.000,0.000,0.006,0.000,IDLE,None,0
1766447156.507,-1.405,-0.030,0.000,0.000,0.011,0.000,IDLE,None,0
1766447156.563,-1.395,-0.029,0.000,0.000,0.008,0.000,IDLE,None,0
1766447156.620,-1.391,-0.027,0.000,0.000,0.003,0.000,IDLE,None,0
1766447156.677,-1.372,-0.026,0.000,0.000,0.015,0.000,IDLE,None,0
1766447156.733,-1.372,-0.025,0.000,0.000,0.000,0.000,IDLE,None,0
1766447156.791,-1.364,-0.024,0.000,0.000,0.007,0.000,IDLE,None,0
1766447156.847,-1.370,-0.023,0.000,0.000,0.005,0.000,IDLE,None,0
1766447156.903,-1.387,-0.022,0.000,0.000,0.013,0.000,IDLE,None,0
1766447156.959,-1.377,-0.022,0.000,0.000,0.008,0.000,IDLE,None,0
1766447157.016,-1.374,-0.021,0.000,0.000,0.002,0.000,IDLE,None,0
1766447157.072,-1.381,-0.020,0.000,0.000,0.005,0.000,IDLE,None,0
1766447157.129,-1.379,-0.026,0.000,0.000,0.001,0.000,IDLE,None,0
1766447157.188,-1.372,-0.025,0.000,0.000,0.006,0.000,IDLE,None,0
1766447157.244,-1.384,-0.034,0.000,0.000,0.009,0.000,IDLE,None,0
1766447157.302,-1.389,-0.032,0.000,0.000,0.004,0.000,IDLE,None,0
1766447157.358,-1.383,-0.031,0.000,0.000,0.005,0.000,IDLE,None,0
1766447157.414,-1.384,-0.041,0.000,0.000,0.001,0.000,IDLE,None,0
1766447157.471,-1.392,-0.039,0.000,0.000,0.006,0.000,IDLE,None,0
1766447157.527,-1.389,-0.038,0.000,0.000,0.003,0.000,IDLE,None,0
1766447157.584,-1.383,-0.036,0.000,0.000,0.004,0.000,IDLE,None,0
1766447157.640,-1.385,-0.035,0.000,0.000,0.001,0.000,IDLE,None,0
1766447157.697,-1.391,-0.033,0.000,0.000,0.005,0.000,IDLE,None,0
1766447157.753,-1.388,-0.032,0.000,0.000,0.003,0.000,IDLE,None,0
1766447157.810,-1.385,-0.031,0.000,0.000,0.002,0.000,IDLE,None,0
1766447157.866,-1.389,-0.029,0.000,0.000,0.004,0.000,IDLE,None,0
1766447157.923,-1.393,-0.037,0.000,0.000,0.003,0.000,IDLE,None,0
1766447157.979,-1.389,-0.046,0.000,0.000,0.003,0.000,IDLE,None,0
1766447158.036,-1.397,-0.045,0.000,0.000,0.006,0.000,IDLE,None,0
1766447158.093,-1.405,-0.043,0.000,0.000,0.006,0.000,IDLE,None,0
1766447158.150,-1.400,-0.041,0.000,0.000,0.004,0.000,IDLE,None,0
1766447158.206,-1.400,-0.039,0.000,0.000,0.000,0.000,IDLE,None,0
1766447158.262,-1.401,-0.038,0.000,0.000,0.001,0.000,IDLE,None,0
1766447158.318,-1.399,-0.036,0.000,0.000,0.002,0.000,IDLE,None,0
1766447158.375,-1.399,-0.035,0.000,0.000,0.000,0.000,IDLE,None,0
1766447158.431,-1.400,-0.033,0.000,0.000,0.001,0.000,IDLE,None,0
1766447158.488,-1.398,-0.032,0.000,0.000,0.002,0.000,IDLE,None,0
1766447158.544,-1.393,-0.039,0.000,0.000,0.004,0.000,IDLE,None,0
1766447158.601,-1.393,-0.037,0.000,0.000,0.000,0.000,IDLE,None,0
1766447158.657,-1.395,-0.036,0.000,0.000,0.001,0.000,IDLE,None,0
1766447158.714,-1.394,-0.034,0.000,0.000,0.001,0.000,IDLE,None,0
1766447158.770,-1.394,-0.033,0.000,0.000,0.000,0.000,IDLE,None,0
1766447158.826,-1.397,-0.041,0.000,0.000,0.002,0.000,IDLE,None,0
1766447158.882,-1.403,-0.039,0.000,0.000,0.005,0.000,IDLE,None,0
1766447158.938,-1.399,-0.037,0.000,0.000,0.003,0.000,IDLE,None,0
1766447158.995,-1.399,-0.044,0.000,0.000,0.000,0.000,IDLE,None,0
1766447159.052,-1.400,-0.042,0.000,0.000,0.001,0.000,IDLE,None,0
1766447159.108,-1.401,-0.040,0.000,0.000,0.001,0.000,IDLE,None,0
1766447159.164,-1.400,-0.039,0.000,0.000,0.001,0.000,IDLE,None,0
1766447159.221,-1.404,-0.037,0.000,0.000,0.004,0.000,IDLE,None,0
1766447159.277,-1.401,-0.035,0.000,0.000,0.003,0.000,IDLE,None,0
1766447159.334,-1.398,-0.034,0.000,0.000,0.002,0.000,IDLE,None,0
1766447159.390,-1.402,-0.033,0.000,0.000,0.003,0.000,IDLE,None,0
1766447159.447,-1.400,-0.031,0.000,0.000,0.001,0.000,IDLE,None,0
1766447159.504,-1.398,-0.030,0.000,0.000,0.002,0.000,IDLE,None,0
1766447159.560,-1.399,-0.029,0.000,0.000,0.001,0.000,IDLE,None,0
1766447159.616,-1.401,-0.028,0.000,0.000,0.001,0.000,IDLE,None,0
1766447159.672,-1.398,-0.027,0.000,0.000,0.002,0.000,IDLE,None,0
1766447159.729,-1.399,-0.026,0.000,0.000,0.001,0.000,IDLE,None,0
1766447159.785,-1.402,-0.025,0.000,0.000,0.003,0.000,IDLE,None,0
1766447159.842,-1.403,-0.024,0.000,0.000,0.001,0.000,IDLE,None,0
1766447159.899,-1.399,-0.023,0.000,0.000,0.003,0.000,IDLE,None,0
1766447159.956,-1.397,-0.022,0.000,0.000,0.001,0.000,IDLE,None,0
1766447160.013,-1.396,-0.021,0.000,0.000,0.001,0.000,IDLE,None,0
1766447160.069,-1.397,-0.020,0.000,0.000,0.001,0.000,IDLE,None,0
1766447160.127,-1.393,-0.019,0.000,0.000,0.003,0.000,IDLE,None,0
1766447160.183,-1.397,-0.018,0.000,0.000,0.003,0.000,IDLE,None,0
1766447160.239,-1.397,-0.018,0.000,0.000,0.000,0.000,IDLE,None,0
1766447160.296,-1.396,-0.017,0.000,0.000,0.001,0.000,IDLE,None,0
1766447160.353,-1.400,-0.016,0.000,0.000,0.003,0.000,IDLE,None,0
1766447160.410,-1.398,-0.024,0.000,0.000,0.001,0.000,IDLE,None,0
1766447160.466,-1.401,-0.023,0.000,0.000,0.002,0.000,IDLE,None,0
1766447160.523,-1.404,-0.022,0.000,0.000,0.003,0.000,IDLE,None,0
1766447160.580,-1.405,-0.021,0.000,0.000,0.001,0.000,IDLE,None,0
1766447160.637,-1.410,-0.020,0.000,0.000,0.004,0.000,IDLE,None,0
1766447160.694,-1.410,-0.019,0.000,0.000,0.000,0.000,IDLE,None,0
1766447160.750,-1.412,-0.026,0.000,0.000,0.002,0.000,IDLE,None,0
1766447160.807,-1.415,-0.025,0.000,0.000,0.003,0.000,IDLE,None,0
1766447160.863,-1.416,-0.024,0.000,0.000,0.000,0.000,IDLE,None,0
1766447160.919,-1.415,-0.023,0.000,0.000,0.000,0.000,IDLE,None,0
1766447160.976,-1.416,-0.022,0.000,0.000,0.001,0.000,IDLE,None,0
1766447161.033,-1.416,-0.021,0.000,0.000,0.000,0.000,IDLE,None,0
1766447161.089,-1.416,-0.021,0.000,0.000,0.000,0.000,IDLE,None,0
1766447161.145,-1.412,-0.020,0.000,0.000,0.004,0.000,IDLE,None,0
1766447161.201,-1.412,-0.019,0.000,0.000,0.001,0.000,IDLE,None,0
1766447161.258,-1.412,-0.018,0.000,0.000,0.000,0.000,IDLE,None,0
1766447161.315,-1.415,-0.018,0.000,0.000,0.002,0.000,IDLE,None,0
1766447161.372,-1.418,-0.017,0.000,0.000,0.002,0.000,IDLE,None,0
1766447161.429,-1.418,-0.016,0.000,0.000,0.000,0.000,IDLE,None,0
1766447161.486,-1.417,-0.016,0.000,0.000,0.000,0.000,IDLE,None,0
1766447161.543,-1.417,-0.015,0.000,0.000,0.000,0.000,IDLE,None,0
1766447161.599,-1.418,-0.021,0.000,0.000,0.000,0.000,IDLE,None,0
1766447161.656,-1.322,-0.031,0.000,0.000,0.125,0.123,IDLE,None,0
1766447161.712,-1.326,-0.030,0.000,0.000,0.051,0.051,IDLE,None,0
1766447161.768,-1.332,-0.029,0.000,0.000,0.005,0.000,IDLE,None,0
1766447161.825,-1.336,-0.028,0.000,0.000,0.003,0.000,IDLE,None,0
1766447161.881,-1.342,-0.026,0.000,0.000,0.005,0.000,IDLE,None,0
1766447161.938,-1.345,-0.025,0.000,0.000,0.003,0.000,IDLE,None,0
1766447161.994,-1.347,-0.024,0.000,0.000,0.001,0.000,IDLE,None,0
1766447162.051,-1.350,-0.023,0.000,0.000,0.002,0.000,IDLE,None,0
1766447162.107,-1.354,-0.022,0.000,0.000,0.004,0.000,IDLE,None,0
1766447162.164,-1.356,-0.022,0.000,0.000,0.001,0.000,IDLE,None,0
1766447162.220,-1.354,-0.021,0.000,0.000,0.001,0.000,IDLE,None,0
1766447162.276,-1.355,-0.020,0.000,0.000,0.000,0.000,IDLE,None,0
1766447162.333,-1.361,-0.019,0.000,0.000,0.005,0.000,IDLE,None,0
1766447162.389,-1.359,-0.018,0.000,0.000,0.002,0.000,IDLE,None,0
1766447162.448,-1.364,-0.018,0.000,0.000,0.004,0.000,IDLE,None,0
1766447162.504,-1.371,-0.017,0.000,0.000,0.005,0.000,IDLE,None,0
1766447162.561,-1.377,-0.016,0.000,0.000,0.005,0.000,IDLE,None,0
1766447162.617,-1.378,-0.016,0.000,0.000,0.001,0.000,IDLE,None,0
1766447162.674,-1.378,-0.015,0.000,0.000,0.000,0.000,IDLE,None,0
1766447162.731,-1.381,-0.014,0.000,0.000,0.003,0.000,IDLE,None,0
1766447162.787,-1.383,-0.014,0.000,0.000,0.001,0.000,IDLE,None,0
1766447162.844,-1.387,-0.022,0.000,0.000,0.003,0.000,IDLE,None,0
1766447162.900,-1.387,-0.021,0.000,0.000,0.000,0.000,IDLE,None,0
1766447162.957,-1.388,-0.021,0.000,0.000,0.001,0.050,IDLE,None,0
1766447163.014,-1.387,-0.020,0.000,0.000,0.001,0.000,IDLE,None,0
1766447163.070,-1.387,-0.028,0.000,0.000,0.000,0.000,IDLE,None,0
1766447163.126,-1.387,-0.027,0.000,0.000,0.000,0.000,IDLE,None,0
1766447163.183,-1.387,-0.026,0.000,0.000,0.001,0.000,IDLE,None,0
1766447163.239,-1.386,0.009,0.000,0.000,0.001,0.000,IDLE,None,0
1766447163.295,-1.387,0.008,0.000,0.000,0.001,0.000,IDLE,None,0
1766447163.352,-1.389,0.000,0.000,0.000,0.002,0.000,IDLE,None,0
1766447163.408,-1.390,-0.007,0.000,0.000,0.000,0.000,IDLE,None,0
1766447163.464,-1.388,-0.015,0.000,0.000,0.001,0.000,IDLE,None,0
1766447163.521,-1.390,-0.014,0.000,0.000,0.002,0.000,IDLE,None,0
1766447163.577,-1.390,-0.014,0.000,0.000,0.000,0.000,IDLE,None,0
1766447163.633,-1.392,-0.013,0.000,0.000,0.002,0.000,IDLE,None,0
1766447163.689,-1.394,-0.013,0.000,0.000,0.002,0.000,IDLE,None,0
1766447163.745,-1.393,-0.012,0.000,0.000,0.001,0.000,IDLE,None,0
1766447163.802,-1.397,-0.012,0.000,0.000,0.003,0.000,IDLE,None,0
1766447163.860,-1.398,-0.011,0.000,0.000,0.001,0.000,IDLE,None,0
1766447163.916,-1.399,-0.019,0.000,0.000,0.000,0.000,IDLE,None,0
1766447163.973,-1.400,-0.018,0.000,0.000,0.001,0.000,IDLE,None,0
1766447164.029,-1.401,-0.017,0.000,0.000,0.001,0.000,IDLE,None,0
1766447164.085,-1.401,-0.017,0.000,0.000,0.000,0.000,IDLE,None,0
1766447164.142,-1.403,-0.016,0.000,0.000,0.002,0.000,IDLE,None,0
1766447164.198,-1.403,-0.015,0.000,0.000,0.000,0.000,IDLE,None,0
1766447164.255,-1.407,-0.015,0.000,0.000,0.003,0.000,IDLE,None,0
1766447164.311,-1.403,-0.022,0.000,0.000,0.003,0.000,IDLE,None,0
1766447164.368,-1.402,-0.022,0.000,0.000,0.001,0.000,IDLE,None,0
1766447164.425,-1.402,-0.029,0.000,0.000,0.001,0.000,IDLE,None,0
1766447164.481,-1.401,-0.028,0.000,0.000,0.001,0.000,IDLE,None,0
1766447164.537,-1.403,-0.027,0.000,0.000,0.002,0.000,IDLE,None,0
1766447164.594,-1.401,-0.026,0.000,0.000,0.001,0.000,IDLE,None,0
1766447164.651,-1.403,0.009,0.000,0.000,0.001,0.000,IDLE,None,0
1766447164.707,-1.405,0.009,0.000,0.000,0.002,0.000,IDLE,None,0
1766447164.764,-1.405,0.000,0.000,0.000,0.000,0.000,IDLE,None,0
1766447164.820,-1.410,0.000,0.000,0.000,0.004,0.000,IDLE,None,0
1766447164.877,-1.411,0.000,0.000,0.000,0.001,0.000,IDLE,None,0
1766447164.932,-1.411,0.000,0.000,0.000,0.000,0.000,IDLE,None,0
1766447164.989,-1.414,0.000,0.000,0.000,0.002,0.000,IDLE,None,0
1766447165.045,-1.416,0.000,0.000,0.000,0.002,0.000,IDLE,None,0
1766447165.102,-1.418,0.000,0.000,0.000,0.001,0.000,IDLE,None,0
1766447165.158,-1.414,0.000,0.000,0.000,0.003,0.000,IDLE,None,0
1766447165.214,-1.413,0.000,0.000,0.000,0.001,0.000,IDLE,None,0
1766447165.271,-1.412,0.000,0.000,0.000,0.001,0.000,IDLE,None,0
1766447165.327,-1.411,0.000,0.000,0.000,0.001,0.000,IDLE,None,0
1766447165.384,-1.413,0.000,0.000,0.000,0.002,0.000,IDLE,None,0
1766447165.440,-1.417,0.000,0.000,0.000,0.003,0.000,IDLE,None,0
1766447165.498,-1.414,0.000,0.000,0.000,0.002,0.000,IDLE,None,0
1766447165.555,-1.415,-0.036,0.000,0.000,0.000,0.000,IDLE,None,0
1766447165.611,-1.414,-0.035,0.000,0.000,0.001,0.000,IDLE,None,0
1766447165.668,-1.416,-0.033,0.000,0.000,0.002,0.000,IDLE,None,0
1766447165.725,-1.416,-0.032,0.000,0.000,0.000,0.000,IDLE,None,0
1766447165.782,-1.415,-0.038,0.000,0.000,0.001,0.000,IDLE,None,0
1766447165.840,-1.417,-0.036,0.000,0.000,0.002,0.000,IDLE,None,0
1766447165.897,-1.418,-0.035,0.000,0.000,0.001,0.000,IDLE,None,0
1766447165.953,-1.418,-0.034,0.000,0.000,0.001,0.000,IDLE,None,0
1766447166.010,-1.420,-0.032,0.000,0.000,0.002,0.000,IDLE,None,0
1766447166.067,-1.421,-0.031,0.000,0.000,0.001,0.000,IDLE,None,0
1766447166.123,-1.424,-0.030,0.000,0.000,0.002,0.000,IDLE,None,0
1766447166.180,-1.424,-0.028,0.000,0.000,0.000,0.000,IDLE,None,0
1766447166.236,-1.421,-0.027,0.000,0.000,0.002,0.000,IDLE,None,0
1766447166.293,-1.423,-0.034,0.000,0.000,0.002,0.000,IDLE,None,0
1766447166.349,-1.425,-0.033,0.000,0.000,0.001,0.000,IDLE,None,0
1766447166.405,-1.426,-0.032,0.000,0.000,0.001,0.000,IDLE,None,0
1766447166.461,-1.420,-0.030,0.000,0.000,0.004,0.000,IDLE,None,0
1766447166.518,-1.421,-0.029,0.000,0.000,0.000,0.000,IDLE,None,0
1766447166.574,-1.423,-0.028,0.000,0.000,0.002,0.000,IDLE,None,0
1766447166.630,-1.421,-0.034,0.000,0.000,0.002,0.000,IDLE,None,0
1766447166.687,-1.418,-0.042,0.000,0.000,0.002,0.000,IDLE,None,0
1766447166.743,-1.418,-0.040,0.000,0.000,0.000,0.000,IDLE,None,0
1766447166.800,-1.422,-0.038,0.000,0.000,0.003,0.000,IDLE,None,0
1766447166.856,-1.421,-0.037,0.000,0.000,0.001,0.000,IDLE,None,0
1766447166.912,-1.329,-0.035,0.000,0.000,0.121,0.095,IDLE,None,0
1766447166.969,-1.337,-0.034,0.000,0.000,0.054,0.054,IDLE,None,0
1766447167.025,-1.339,-0.040,0.000,0.000,0.002,0.000,IDLE,None,0
1766447167.081,-1.345,-0.038,0.000,0.000,0.004,0.000,IDLE,None,0
1766447167.137,-1.350,-0.036,0.000,0.000,0.004,0.000,IDLE,None,0
1766447167.194,-1.349,-0.035,0.000,0.000,0.000,0.000,IDLE,None,0
1766447167.251,-1.353,-0.034,0.000,0.000,0.003,0.000,IDLE,None,0
1766447167.308,-1.356,-0.032,0.000,0.000,0.002,0.000,IDLE,None,0
1766447167.364,-1.358,-0.031,0.000,0.000,0.002,0.000,IDLE,None,0
1766447167.421,-1.359,-0.030,0.000,0.000,0.001,0.000,IDLE,None,0
1766447167.478,-1.362,-0.029,0.000,0.000,0.002,0.000,IDLE,None,0
1766447167.535,-1.369,-0.027,0.000,0.000,0.006,0.000,IDLE,None,0
1766447167.592,-1.368,-0.026,0.000,0.000,0.001,0.000,IDLE,None,0
1766447167.648,-1.374,-0.025,0.000,0.000,0.005,0.000,IDLE,None,0
1766447167.705,-1.377,-0.024,0.000,0.000,0.002,0.000,IDLE,None,0
1766447167.761,-1.381,-0.023,0.000,0.000,0.003,0.000,IDLE,None,0
1766447167.818,-1.383,-0.022,0.000,0.000,0.002,0.000,IDLE,None,0
1766447167.874,-1.384,-0.021,0.000,0.000,0.000,0.000,IDLE,None,0
1766447167.931,-1.382,-0.021,0.000,0.000,0.001,0.000,IDLE,None,0
1766447167.988,-1.380,-0.020,0.000,0.000,0.002,0.000,IDLE,None,0
1766447168.044,-1.382,-0.019,0.000,0.000,0.001,0.000,IDLE,None,0
1766447168.102,-1.384,-0.018,0.000,0.000,0.002,0.000,IDLE,None,0
1766447168.158,-1.386,-0.017,0.000,0.000,0.002,0.000,IDLE,None,0
1766447168.215,-1.388,-0.017,0.000,0.000,0.002,0.000,IDLE,None,0
1766447168.271,-1.392,-0.016,0.000,0.000,0.002,0.000,IDLE,None,0
1766447168.327,-1.392,-0.015,0.000,0.000,0.000,0.000,IDLE,None,0
1766447168.383,-1.394,-0.015,0.000,0.000,0.002,0.000,IDLE,None,0
1766447168.439,-1.394,-0.014,0.000,0.000,0.000,0.000,IDLE,None,0
1766447168.496,-1.397,-0.014,0.000,0.000,0.002,0.000,IDLE,None,0
1766447168.553,-1.398,-0.013,0.000,0.000,0.001,0.000,IDLE,None,0
1766447168.609,-1.397,-0.013,0.000,0.000,0.001,0.000,IDLE,None,0
1766447168.665,-1.397,-0.022,0.000,0.000,0.000,0.000,IDLE,None,0
1766447168.722,-1.395,-0.021,0.000,0.000,0.002,0.000,IDLE,None,0
1766447168.778,-1.397,-0.020,0.000,0.000,0.002,0.000,IDLE,None,0
1766447168.834,-1.394,-0.019,0.000,0.000,0.002,0.000,IDLE,None,0
1766447168.891,-1.394,-0.019,0.000,0.000,0.000,0.000,IDLE,None,0
1766447168.947,-1.397,-0.018,0.000,0.000,0.003,0.000,IDLE,None,0
1766447169.003,-1.399,-0.017,0.000,0.000,0.002,0.000,IDLE,None,0
1766447169.060,-1.401,-0.017,0.000,0.000,0.001,0.051,IDLE,None,0
1766447169.116,-1.401,-0.016,0.000,0.000,0.000,0.000,IDLE,None,0
1766447169.172,-1.408,-0.015,0.000,0.000,0.005,0.000,IDLE,None,0
1766447169.229,-1.411,-0.015,0.000,0.000,0.003,0.000,IDLE,None,0
1766447169.285,-1.411,-0.014,0.000,0.000,0.000,0.000,IDLE,None,0
1766447169.341,-1.410,-0.013,0.000,0.000,0.001,0.000,IDLE,None,0
1766447169.398,-1.408,-0.020,0.000,0.000,0.001,0.000,IDLE,None,0
1766447169.454,-1.410,-0.019,0.000,0.000,0.002,0.000,IDLE,None,0
1766447169.511,-1.411,-0.018,0.000,0.000,0.001,0.000,IDLE,None,0
1766447169.568,-1.414,-0.018,0.000,0.000,0.003,0.000,IDLE,None,0
1766447169.624,-1.414,-0.017,0.000,0.000,0.000,0.000,IDLE,None,0
1766447169.681,-1.415,-0.016,0.000,0.000,0.001,0.000,IDLE,None,0
1766447169.737,-1.411,-0.016,0.000,0.000,0.004,0.000,IDLE,None,0
1766447169.794,-1.412,-0.015,0.000,0.000,0.001,0.000,IDLE,None,0
1766447169.850,-1.410,-0.014,0.000,0.000,0.002,0.000,IDLE,None,0
1766447169.906,-1.412,-0.051,0.000,0.000,0.002,0.000,IDLE,None,0
1766447169.963,-1.414,-0.049,0.000,0.000,0.001,0.000,IDLE,None,0
1766447170.020,-1.414,-0.047,0.000,0.000,0.000,0.000,IDLE,None,0
1766447170.076,-1.415,-0.045,0.000,0.000,0.000,0.000,IDLE,None,0
1766447170.133,-1.417,-0.044,0.000,0.000,0.002,0.000,IDLE,None,0
1766447170.189,-1.416,-0.042,0.000,0.000,0.001,0.000,IDLE,None,0
1766447170.245,-1.412,-0.040,0.000,0.000,0.003,0.000,IDLE,None,0
1766447170.301,-1.415,-0.047,0.000,0.000,0.002,0.000,IDLE,None,0
1766447170.358,-1.413,-0.045,0.000,0.000,0.002,0.000,IDLE,None,0
1766447170.414,-1.413,-0.043,0.000,0.000,0.000,0.000,IDLE,None,0
1766447170.470,-1.414,-0.041,0.000,0.000,0.000,0.000,IDLE,None,0
1766447170.527,-1.413,-0.040,0.000,0.000,0.001,0.000,IDLE,None,0
1766447170.583,-1.418,-0.038,0.000,0.000,0.004,0.000,IDLE,None,0
1766447170.640,-1.422,-0.036,0.000,0.000,0.004,0.000,IDLE,None,0
1766447170.697,-1.424,-0.035,0.000,0.000,0.002,0.000,IDLE,None,0
1766447170.753,-1.422,-0.034,0.000,0.000,0.002,0.000,IDLE,None,0
1766447170.809,-1.424,-0.032,0.000,0.000,0.001,0.000,IDLE,None,0
1766447170.866,-1.424,-0.031,0.000,0.000,0.000,0.000,IDLE,None,0
1766447170.923,-1.431,-0.030,0.000,0.000,0.005,0.000,IDLE,None,0
1766447170.979,-1.427,-0.029,0.000,0.000,0.003,0.000,IDLE,None,0
1766447171.036,-1.427,-0.027,0.000,0.000,0.001,0.000,IDLE,None,0
1766447171.092,-1.429,-0.026,0.000,0.000,0.002,0.000,IDLE,None,0
1766447171.149,-1.432,-0.025,0.000,0.000,0.003,0.000,IDLE,None,0
1766447171.205,-1.432,-0.024,0.000,0.000,0.000,0.000,IDLE,None,0
1766447171.262,-1.431,-0.023,0.000,0.000,0.001,0.000,IDLE,None,0
1766447171.318,-1.430,-0.022,0.000,0.000,0.000,0.000,IDLE,None,0
1766447171.376,-1.431,-0.021,0.000,0.000,0.001,0.000,IDLE,None,0
1766447171.434,-1.431,-0.021,0.000,0.000,0.000,0.000,IDLE,None,0
1766447171.490,-1.431,-0.027,0.000,0.000,0.000,0.000,IDLE,None,0
1766447171.547,-1.431,-0.026,0.000,0.000,0.000,0.000,IDLE,None,0
1766447171.603,-1.431,-0.036,0.000,0.000,0.000,0.000,IDLE,None,0
1766447171.659,-1.431,-0.034,0.000,0.000,0.000,0.000,IDLE,None,0
1766447171.715,-1.431,-0.033,0.000,0.000,0.000,0.000,IDLE,None,0
1766447171.771,-1.436,-0.032,0.000,0.000,0.004,0.000,IDLE,None,0
1766447171.828,-1.436,-0.030,0.000,0.000,0.000,0.000,IDLE,None,0
1766447171.884,-1.433,-0.029,0.000,0.000,0.002,0.000,IDLE,None,0
1766447171.941,-1.435,-0.028,0.000,0.000,0.002,0.000,IDLE,None,0
1766447171.997,-1.432,-0.027,0.000,0.000,0.002,0.000,IDLE,None,0
1766447172.054,-1.431,-0.035,0.000,0.000,0.001,0.000,IDLE,None,0
1766447172.110,-1.434,-0.033,0.000,0.000,0.002,0.000,IDLE,None,0
1766447172.166,-1.434,-0.032,0.000,0.000,0.000,0.000,IDLE,None,0
1766447172.223,-1.430,-0.031,0.000,0.000,0.003,0.000,IDLE,None,0
1766447172.279,-1.428,-0.029,0.000,0.000,0.002,0.000,IDLE,None,0
1766447172.335,-1.429,-0.028,0.000,0.000,0.001,0.000,IDLE,None,0
1766447172.391,-1.431,-0.027,0.000,0.000,0.001,0.000,IDLE,None,0
1766447172.447,-1.434,-0.026,0.000,0.000,0.003,0.000,IDLE,None,0
1766447172.504,-1.339,-0.025,0.000,0.000,0.125,0.098,IDLE,None,0
1766447172.560,-1.343,-0.024,0.000,0.000,0.052,0.052,IDLE,None,0
1766447172.616,-1.347,-0.023,0.000,0.000,0.003,0.000,IDLE,None,0
1766447172.672,-1.351,-0.022,0.000,0.000,0.003,0.000,IDLE,None,0
1766447172.729,-1.356,-0.021,0.000,0.000,0.004,0.000,IDLE,None,0
1766447172.786,-1.361,-0.020,0.000,0.000,0.004,0.000,IDLE,None,0
1766447172.843,-1.358,-0.020,0.000,0.000,0.003,0.000,IDLE,None,0
1766447172.899,-1.358,-0.026,0.000,0.000,0.000,0.000,IDLE,None,0
1766447172.955,-1.366,-0.025,0.000,0.000,0.006,0.000,IDLE,None,0
1766447173.011,-1.368,-0.024,0.000,0.000,0.002,0.000,IDLE,None,0
1766447173.068,-1.373,-0.023,0.000,0.000,0.004,0.000,IDLE,None,0
1766447173.125,-1.374,-0.030,0.000,0.000,0.001,0.000,IDLE,None,0
1766447173.181,-1.373,-0.029,0.000,0.000,0.001,0.000,IDLE,None,0
1766447173.237,-1.376,-0.028,0.000,0.000,0.002,0.000,IDLE,None,0
1766447173.294,-1.379,-0.027,0.000,0.000,0.002,0.000,IDLE,None,0
1766447173.351,-1.380,-0.025,0.000,0.000,0.001,0.000,IDLE,None,0
1766447173.407,-1.381,-0.024,0.000,0.000,0.001,0.000,IDLE,None,0
1766447173.463,-1.382,-0.023,0.000,0.000,0.001,0.000,IDLE,None,0
1766447173.519,-1.387,-0.023,0.000,0.000,0.004,0.000,IDLE,None,0
1766447173.576,-1.386,-0.031,0.000,0.000,0.001,0.000,IDLE,None,0
1766447173.633,-1.388,-0.030,0.000,0.000,0.002,0.000,IDLE,None,0
1766447173.691,-1.387,-0.029,0.000,0.000,0.001,0.000,IDLE,None,0
1766447173.748,-1.385,-0.027,0.000,0.000,0.002,0.000,IDLE,None,0
1766447173.804,-1.387,-0.026,0.000,0.000,0.002,0.000,IDLE,None,0
1766447173.861,-1.391,-0.025,0.000,0.000,0.004,0.000,IDLE,None,0
1766447173.917,-1.391,-0.024,0.000,0.000,0.000,0.000,IDLE,None,0
1766447173.974,-1.391,-0.023,0.000,0.000,0.000,0.000,IDLE,None,0
1766447174.030,-1.393,-0.022,0.000,0.000,0.002,0.000,IDLE,None,0
1766447174.086,-1.396,-0.021,0.000,0.000,0.002,0.000,IDLE,None,0
1766447174.143,-1.399,-0.021,0.000,0.000,0.002,0.000,IDLE,None,0
1766447174.199,-1.399,-0.020,0.000,0.000,0.000,0.000,IDLE,None,0
1766447174.256,-1.401,-0.026,0.000,0.000,0.002,0.000,IDLE,None,0
1766447174.312,-1.402,-0.033,0.000,0.000,0.001,0.000,IDLE,None,0
1766447174.368,-1.398,-0.032,0.000,0.000,0.003,0.000,IDLE,None,0
1766447174.425,-1.395,-0.030,0.000,0.000,0.003,0.000,IDLE,None,0
1766447174.481,-1.394,-0.029,0.000,0.000,0.001,0.000,IDLE,None,0
1766447174.537,-1.395,-0.028,0.000,0.000,0.001,0.000,IDLE,None,0
1766447174.595,-1.396,-0.027,0.000,0.000,0.000,0.000,IDLE,None,0
1766447174.651,-1.396,-0.026,0.000,0.000,0.000,0.000,IDLE,None,0
1766447174.707,-1.395,-0.025,0.000,0.000,0.001,0.000,IDLE,None,0
1766447174.764,-1.394,-0.024,0.000,0.000,0.001,0.000,IDLE,None,0
1766447174.821,-1.397,-0.023,0.000,0.000,0.002,0.000,IDLE,None,0
1766447174.877,-1.402,-0.022,0.000,0.000,0.004,0.000,IDLE,None,0
1766447174.933,-1.405,-0.021,0.000,0.000,0.003,0.000,IDLE,None,0
1766447174.989,-1.406,-0.020,0.000,0.000,0.001,0.050,IDLE,None,0
1766447175.046,-1.413,-0.019,0.000,0.000,0.006,0.000,IDLE,None,0
1766447175.102,-1.412,-0.019,0.000,0.000,0.001,0.000,IDLE,None,0
1766447175.158,-1.408,-0.018,0.000,0.000,0.003,0.000,IDLE,None,0
1766447175.214,-1.412,-0.017,0.000,0.000,0.003,0.000,IDLE,None,0
1766447175.271,-1.412,-0.016,0.000,0.000,0.000,0.000,IDLE,None,0
1766447175.327,-1.416,-0.016,0.000,0.000,0.003,0.000,IDLE,None,0
1766447175.384,-1.417,-0.015,0.000,0.000,0.001,0.000,IDLE,None,0
1766447175.440,-1.415,-0.015,0.000,0.000,0.001,0.000,IDLE,None,0
1766447175.497,-1.413,-0.014,0.000,0.000,0.002,0.000,IDLE,None,0
1766447175.553,-1.413,-0.013,0.000,0.000,0.000,0.000,IDLE,None,0
1766447175.610,-1.414,-0.013,0.000,0.000,0.001,0.000,IDLE,None,0
1766447175.666,-1.412,-0.012,0.000,0.000,0.001,0.000,IDLE,None,0
1766447175.722,-1.412,-0.012,0.000,0.000,0.000,0.000,IDLE,None,0
1766447175.779,-1.414,-0.011,0.000,0.000,0.001,0.000,IDLE,None,0
1766447175.835,-1.417,-0.011,0.000,0.000,0.002,0.000,IDLE,None,0
1766447175.892,-1.420,-0.010,0.000,0.000,0.003,0.000,IDLE,None,0
1766447175.948,-1.419,-0.010,0.000,0.000,0.000,0.000,IDLE,None,0
1766447176.005,-1.418,-0.010,0.000,0.000,0.001,0.000,IDLE,None,0
1766447176.061,-1.420,-0.018,0.000,0.000,0.001,0.000,IDLE,None,0
1766447176.120,-1.421,-0.025,0.000,0.000,0.001,0.000,IDLE,None,0
1766447176.177,-1.420,-0.024,0.000,0.000,0.000,0.000,IDLE,None,0
1766447176.233,-1.418,-0.033,0.000,0.000,0.002,0.000,IDLE,None,0
1766447176.290,-1.421,-0.032,0.000,0.000,0.002,0.000,IDLE,None,0
1766447176.346,-1.427,-0.031,0.000,0.000,0.005,0.000,IDLE,None,0
1766447176.406,-1.429,-0.029,0.000,0.000,0.002,0.000,IDLE,None,0
1766447176.462,-1.430,-0.037,0.000,0.000,0.001,0.000,IDLE,None,0
1766447176.518,-1.433,-0.036,0.000,0.000,0.002,0.000,IDLE,None,0
1766447176.575,-1.523,-0.034,0.000,0.000,0.121,0.142,IDLE,None,0
1766447176.631,-1.735,-0.004,0.000,0.000,0.207,0.207,IDLE,None,0
1766447176.687,-1.827,-0.024,0.000,0.000,0.036,0.000,IDLE,None,0
1766447176.743,-1.792,-0.030,0.000,0.000,0.076,0.000,IDLE,None,0
1766447176.800,-1.768,-0.048,0.000,0.000,0.019,0.059,IDLE,None,0
1766447176.857,-1.818,-0.025,0.000,0.000,0.040,0.000,IDLE,None,0
1766447176.914,-1.755,-0.016,0.000,0.000,0.051,0.000,IDLE,None,0
1766447176.970,-1.757,-0.036,0.000,0.000,0.002,0.000,IDLE,None,0
1766447177.027,-1.777,-0.034,0.000,0.000,0.016,0.000,IDLE,None,0
1766447177.084,-1.783,-0.028,0.000,0.000,0.005,0.000,IDLE,None,0
1766447177.140,-1.742,-0.046,0.000,0.000,0.033,0.000,IDLE,None,0
1766447177.196,-1.751,-0.044,0.000,0.000,0.008,0.000,IDLE,None,0
1766447177.252,-1.771,-0.037,0.000,0.000,0.016,0.000,IDLE,None,0
1766447177.309,-1.738,-0.043,0.000,0.000,0.027,0.000,IDLE,None,0
1766447177.366,-1.728,-0.041,0.000,0.000,0.007,0.000,IDLE,None,0
1766447177.422,-1.748,-0.040,0.000,0.000,0.016,0.000,IDLE,None,0
1766447177.479,-1.744,-0.038,0.000,0.000,0.003,0.000,IDLE,None,0
1766447177.535,-1.715,-0.036,0.000,0.000,0.023,0.000,IDLE,None,0
1766447177.592,-1.726,-0.043,0.000,0.000,0.009,0.000,IDLE,None,0
1766447177.648,-1.730,-0.041,0.000,0.000,0.003,0.000,IDLE,None,0
1766447177.705,-1.710,-0.034,0.000,0.000,0.016,0.000,IDLE,None,0
1766447177.761,-1.703,-0.055,0.000,0.000,0.005,0.052,IDLE,None,0
1766447177.818,-1.716,-0.053,0.000,0.000,0.011,0.000,IDLE,None,0
1766447177.874,-1.700,-0.050,0.000,0.000,0.013,0.000,IDLE,None,0
1766447177.931,-1.689,-0.060,0.000,0.000,0.009,0.000,IDLE,None,0
1766447177.987,-1.696,-0.057,0.000,0.000,0.005,0.000,IDLE,None,0
1766447178.043,-1.697,-0.055,0.000,0.000,0.001,0.000,IDLE,None,0
1766447178.104,-1.677,-0.053,0.000,0.000,0.016,0.000,IDLE,None,0
1766447178.160,-1.676,-0.051,0.000,0.000,0.001,0.000,IDLE,None,0
1766447178.217,-1.691,-0.049,0.000,0.000,0.011,0.000,IDLE,None,0
1766447178.274,-1.673,-0.047,0.000,0.000,0.014,0.000,IDLE,None,0
1766447178.330,-1.666,-0.045,0.000,0.000,0.006,0.000,IDLE,None,0
1766447178.387,-1.677,-0.050,0.000,0.000,0.008,0.000,IDLE,None,0
1766447178.443,-1.671,-0.048,0.000,0.000,0.004,0.000,IDLE,None,0
1766447178.500,-1.656,-0.046,0.000,0.000,0.012,0.000,IDLE,None,0
1766447178.556,-1.660,-0.044,0.000,0.000,0.003,0.000,IDLE,None,0
1766447178.613,-1.665,-0.043,0.000,0.000,0.003,0.000,IDLE,None,0
1766447178.669,-1.657,-0.041,0.000,0.000,0.006,0.000,IDLE,None,0
1766447178.726,-1.652,-0.039,0.000,0.000,0.004,0.000,IDLE,None,0
1766447178.782,-1.655,-0.038,0.000,0.000,0.002,0.000,IDLE,None,0
1766447178.839,-1.650,-0.036,0.000,0.000,0.004,0.000,IDLE,None,0
1766447178.896,-1.642,-0.035,0.000,0.000,0.007,0.000,IDLE,None,0
1766447178.952,-1.650,-0.033,0.000,0.000,0.007,0.000,IDLE,None,0
1766447179.009,-1.655,0.006,0.000,0.000,0.004,0.000,IDLE,None,0
1766447179.065,-1.646,0.006,0.000,0.000,0.007,0.000,IDLE,None,0
1766447179.122,-1.647,0.006,0.000,0.000,0.001,0.000,IDLE,None,0
1766447179.179,-1.650,0.005,0.000,0.000,0.002,0.000,IDLE,None,0
1766447179.235,-1.642,0.005,0.000,0.000,0.006,0.000,IDLE,None,0
1766447179.291,-1.640,0.005,0.000,0.000,0.002,0.051,IDLE,None,0
1766447179.348,-1.635,-0.004,0.000,0.000,0.003,0.000,IDLE,None,0
1766447179.404,-1.634,-0.004,0.000,0.000,0.002,0.000,IDLE,None,0
1766447179.460,-1.626,-0.012,0.000,0.000,0.006,0.000,IDLE,None,0
1766447179.517,-1.623,-0.011,0.000,0.000,0.003,0.000,IDLE,None,0
1766447179.573,-1.624,-0.011,0.000,0.000,0.001,0.000,IDLE,None,0
1766447179.630,-1.621,-0.010,0.000,0.000,0.002,0.000,IDLE,None,0
1766447179.686,-1.613,-0.018,0.000,0.000,0.006,0.000,IDLE,None,0
1766447179.743,-1.618,-0.021,0.000,0.000,0.004,0.000,IDLE,None,0
1766447179.799,-1.616,-0.020,0.000,0.000,0.001,0.000,IDLE,None,0
1766447179.856,-1.608,-0.019,0.000,0.000,0.007,0.000,IDLE,None,0
1766447179.913,-1.607,-0.018,0.000,0.000,0.001,0.000,IDLE,None,0
1766447179.969,-1.608,-0.018,0.000,0.000,0.000,0.000,IDLE,None,0
1766447180.025,-1.607,-0.017,0.000,0.000,0.001,0.000,IDLE,None,0
1766447180.081,-1.606,-0.016,0.000,0.000,0.000,0.000,IDLE,None,0
1766447180.138,-1.609,-0.016,0.000,0.000,0.002,0.000,IDLE,None,0
1766447180.194,-1.604,-0.015,0.000,0.000,0.004,0.000,IDLE,None,0
1766447180.251,-1.603,-0.014,0.000,0.000,0.001,0.000,IDLE,None,0
1766447180.307,-1.603,-0.014,0.000,0.000,0.000,0.000,IDLE,None,0
1766447180.364,-1.602,-0.013,0.000,0.000,0.001,0.000,IDLE,None,0
1766447180.422,-1.603,-0.013,0.000,0.000,0.001,0.000,IDLE,None,0
1766447180.478,-1.604,-0.012,0.000,0.000,0.001,0.000,IDLE,None,0
1766447180.534,-1.608,-0.012,0.000,0.000,0.003,0.000,IDLE,None,0
1766447180.591,-1.609,-0.011,0.000,0.000,0.001,0.000,IDLE,None,0
1766447180.647,-1.605,-0.011,0.000,0.000,0.003,0.000,IDLE,None,0
1766447180.704,-1.609,-0.010,0.000,0.000,0.003,0.000,IDLE,None,0
1766447180.761,-1.608,-0.048,0.000,0.000,0.001,0.000,IDLE,None,0
1766447180.818,-1.607,-0.053,0.000,0.000,0.001,0.000,IDLE,None,0
1766447180.875,-1.606,-0.051,0.000,0.000,0.000,0.000,IDLE,None,0
1766447180.932,-1.604,-0.049,0.000,0.000,0.002,0.000,IDLE,None,0
1766447180.989,-1.606,-0.054,0.000,0.000,0.002,0.000,IDLE,None,0
1766447181.046,-1.613,-0.052,0.000,0.000,0.005,0.000,IDLE,None,0
1766447181.102,-1.614,-0.059,0.000,0.000,0.001,0.000,IDLE,None,0
1766447181.160,-1.621,-0.057,0.000,0.000,0.006,0.000,IDLE,None,0
1766447181.217,-1.620,-0.055,0.000,0.000,0.001,0.000,IDLE,None,0
1766447181.273,-1.619,-0.052,0.000,0.000,0.001,0.000,IDLE,None,0
1766447181.331,-1.618,-0.050,0.000,0.000,0.000,0.000,IDLE,None,0
1766447181.387,-1.615,-0.056,0.000,0.000,0.003,0.000,IDLE,None,0
1766447181.443,-1.615,-0.053,0.000,0.000,0.000,0.000,IDLE,None,0
1766447181.500,-1.617,-0.051,0.000,0.000,0.002,0.000,IDLE,None,0
1766447181.556,-1.621,-0.049,0.000,0.000,0.003,0.000,IDLE,None,0
1766447181.612,-1.614,-0.047,0.000,0.000,0.006,0.000,IDLE,None,0
1766447181.669,-1.610,-0.045,0.000,0.000,0.003,0.000,IDLE,None,0
1766447181.726,-1.607,-0.043,0.000,0.000,0.002,0.000,IDLE,None,0
1766447181.782,-1.701,-0.042,0.000,0.000,0.124,0.098,IDLE,None,0
1766447181.840,-1.699,-0.040,0.000,0.000,0.050,0.050,IDLE,None,0
1766447181.896,-1.696,-0.038,0.000,0.000,0.003,0.000,IDLE,None,0
1766447181.952,-1.692,-0.037,0.000,0.000,0.003,0.000,IDLE,None,0
1766447182.009,-1.686,-0.035,0.000,0.000,0.005,0.000,IDLE,None,0
1766447182.065,-1.684,-0.034,0.000,0.000,0.002,0.000,IDLE,None,0
1766447182.122,-1.678,-0.033,0.000,0.000,0.005,0.000,IDLE,None,0
1766447182.179,-1.669,-0.031,0.000,0.000,0.007,0.000,IDLE,None,0
1766447182.235,-1.667,-0.030,0.000,0.000,0.002,0.000,IDLE,None,0
1766447182.291,-1.660,-0.029,0.000,0.000,0.006,0.000,IDLE,None,0
1766447182.348,-1.653,-0.028,0.000,0.000,0.006,0.000,IDLE,None,0
1766447182.404,-1.649,-0.027,0.000,0.000,0.003,0.000,IDLE,None,0
1766447182.461,-1.649,-0.026,0.000,0.000,0.000,0.000,IDLE,None,0
1766447182.517,-1.650,-0.025,0.000,0.000,0.000,0.000,IDLE,None,0
1766447182.574,-1.647,-0.024,0.000,0.000,0.002,0.000,IDLE,None,0
1766447182.631,-1.646,-0.023,0.000,0.000,0.001,0.000,IDLE,None,0
1766447182.687,-1.644,-0.022,0.000,0.000,0.002,0.000,IDLE,None,0
1766447182.744,-1.639,-0.021,0.000,0.000,0.003,0.000,IDLE,None,0
1766447182.800,-1.638,-0.020,0.000,0.000,0.001,0.000,IDLE,None,0
1766447182.857,-1.636,-0.019,0.000,0.000,0.001,0.050,IDLE,None,0
1766447182.913,-1.633,-0.026,0.000,0.000,0.003,0.000,IDLE,None,0
1766447182.970,-1.634,-0.025,0.000,0.000,0.001,0.000,IDLE,None,0
1766447183.026,-1.631,-0.024,0.000,0.000,0.003,0.000,IDLE,None,0
1766447183.083,-1.632,-0.023,0.000,0.000,0.001,0.000,IDLE,None,0
1766447183.140,-1.631,-0.022,0.000,0.000,0.001,0.000,IDLE,None,0
1766447183.197,-1.630,-0.021,0.000,0.000,0.001,0.000,IDLE,None,0
1766447183.254,-1.627,-0.020,0.000,0.000,0.002,0.000,IDLE,None,0
1766447183.310,-1.625,-0.019,0.000,0.000,0.001,0.000,IDLE,None,0
1766447183.366,-1.624,-0.019,0.000,0.000,0.001,0.000,IDLE,None,0
1766447183.423,-1.625,-0.018,0.000,0.000,0.001,0.000,IDLE,None,0
1766447183.479,-1.626,-0.017,0.000,0.000,0.001,0.000,IDLE,None,0
1766447183.535,-1.625,-0.016,0.000,0.000,0.001,0.000,IDLE,None,0
1766447183.593,-1.620,-0.016,0.000,0.000,0.004,0.000,IDLE,None,0
1766447183.649,-1.615,-0.015,0.000,0.000,0.004,0.000,IDLE,None,0
1766447183.706,-1.616,-0.015,0.000,0.000,0.000,0.000,IDLE,None,0
1766447183.763,-1.612,-0.014,0.000,0.000,0.003,0.000,IDLE,None,0
1766447183.819,-1.613,0.020,0.000,0.000,0.001,0.000,IDLE,None,0
1766447183.876,-1.611,0.019,0.000,0.000,0.002,0.000,IDLE,None,0
1766447183.934,-1.610,0.019,0.000,0.000,0.000,0.000,IDLE,None,0
1766447183.991,-1.611,0.018,0.000,0.000,0.000,0.000,IDLE,None,0
1766447184.048,-1.608,0.017,0.000,0.000,0.002,0.000,IDLE,None,0
1766447184.105,-1.610,0.016,0.000,0.000,0.001,0.000,IDLE,None,0
1766447184.162,-1.611,0.016,0.000,0.000,0.001,0.000,IDLE,None,0
1766447184.218,-1.610,0.015,0.000,0.000,0.001,0.000,IDLE,None,0
1766447184.277,-1.612,0.014,0.000,0.000,0.001,0.000,IDLE,None,0
1766447184.334,-1.610,0.014,0.000,0.000,0.001,0.000,IDLE,None,0
1766447184.391,-1.606,0.013,0.000,0.000,0.003,0.000,IDLE,None,0
1766447184.447,-1.601,0.013,0.000,0.000,0.004,0.000,IDLE,None,0
1766447184.504,-1.602,0.001,0.000,0.000,0.000,0.000,IDLE,None,0
1766447184.560,-1.598,0.001,0.000,0.000,0.003,0.000,IDLE,None,0
1766447184.616,-1.597,-0.007,0.000,0.000,0.001,0.000,IDLE,None,0
1766447184.674,-1.592,-0.045,0.000,0.000,0.004,0.000,IDLE,None,0
1766447184.730,-1.587,-0.043,0.000,0.000,0.004,0.000,IDLE,None,0
1766447184.787,-1.586,-0.049,0.000,0.000,0.001,0.000,IDLE,None,0
1766447184.844,-1.587,-0.047,0.000,0.000,0.001,0.000,IDLE,None,0
1766447184.901,-1.592,-0.045,0.000,0.000,0.004,0.000,IDLE,None,0
1766447184.959,-1.593,-0.043,0.000,0.000,0.001,0.000,IDLE,None,0
1766447185.015,-1.594,-0.078,0.000,0.000,0.001,0.000,IDLE,None,0
1766447185.072,-1.591,-0.075,0.000,0.000,0.002,0.000,IDLE,None,0
1766447185.128,-1.587,-0.072,0.000,0.000,0.003,0.000,IDLE,None,0
1766447185.185,-1.588,-0.069,0.000,0.000,0.000,0.000,IDLE,None,0
1766447185.241,-1.582,-0.066,0.000,0.000,0.005,0.000,IDLE,None,0
1766447185.298,-1.583,-0.064,0.000,0.000,0.001,0.000,IDLE,None,0
1766447185.354,-1.587,-0.061,0.000,0.000,0.003,0.000,IDLE,None,0
1766447185.411,-1.587,-0.059,0.000,0.000,0.000,0.000,IDLE,None,0
1766447185.468,-1.587,-0.056,0.000,0.000,0.000,0.000,IDLE,None,0
1766447185.524,-1.585,-0.054,0.000,0.000,0.002,0.000,IDLE,None,0
1766447185.581,-1.589,-0.052,0.000,0.000,0.003,0.000,IDLE,None,0
1766447185.638,-1.683,-0.050,0.000,0.000,0.124,0.086,IDLE,None,0
1766447185.695,-1.678,-0.048,0.000,0.000,0.054,0.054,IDLE,None,0
1766447185.751,-1.675,-0.046,0.000,0.000,0.002,0.000,IDLE,None,0
1766447185.808,-1.669,-0.044,0.000,0.000,0.005,0.000,IDLE,None,0
1766447185.865,-1.663,-0.042,0.000,0.000,0.005,0.000,IDLE,None,0
1766447185.921,-1.664,-0.041,0.000,0.000,0.001,0.000,IDLE,None,0
1766447185.978,-1.658,-0.039,0.000,0.000,0.005,0.000,IDLE,None,0
1766447186.034,-1.652,-0.037,0.000,0.000,0.005,0.000,IDLE,None,0
1766447186.090,-1.649,-0.036,0.000,0.000,0.002,0.000,IDLE,None,0
1766447186.147,-1.648,-0.035,0.000,0.000,0.001,0.000,IDLE,None,0
1766447186.204,-1.641,-0.033,0.000,0.000,0.006,0.000,IDLE,None,0
1766447186.261,-1.639,-0.032,0.000,0.000,0.002,0.000,IDLE,None,0
1766447186.317,-1.635,-0.031,0.000,0.000,0.003,0.000,IDLE,None,0
1766447186.374,-1.638,-0.029,0.000,0.000,0.002,0.000,IDLE,None,0
1766447186.430,-1.638,-0.028,0.000,0.000,0.001,0.000,IDLE,None,0
1766447186.487,-1.640,-0.027,0.000,0.000,0.001,0.000,IDLE,None,0
1766447186.543,-1.636,-0.026,0.000,0.000,0.002,0.000,IDLE,None,0
1766447186.600,-1.632,-0.025,0.000,0.000,0.003,0.000,IDLE,None,0
1766447186.657,-1.628,-0.024,0.000,0.000,0.003,0.000,IDLE,None,0
1766447186.713,-1.623,-0.023,0.000,0.000,0.004,0.000,IDLE,None,0
1766447186.769,-1.619,-0.022,0.000,0.000,0.004,0.000,IDLE,None,0
1766447186.827,-1.617,-0.021,0.000,0.000,0.001,0.000,IDLE,None,0
1766447186.883,-1.615,-0.020,0.000,0.000,0.001,0.050,IDLE,None,0
1766447186.940,-1.645,-0.021,0.000,0.000,0.024,0.000,IDLE,None,0
1766447186.997,-1.584,-0.025,0.000,0.000,0.048,0.000,IDLE,None,0
1766447187.053,-1.556,-0.034,0.000,0.000,0.023,0.000,IDLE,None,0
1766447187.110,-1.561,-0.039,0.000,0.000,0.004,0.000,IDLE,None,0
1766447187.166,-1.556,-0.038,0.000,0.000,0.004,0.000,IDLE,None,0
1766447187.223,-1.554,-0.045,0.000,0.000,0.001,0.000,IDLE,None,0
1766447187.280,-1.552,-0.043,0.000,0.000,0.002,0.050,IDLE,None,0
1766447187.337,-1.548,-0.041,0.000,0.000,0.003,0.000,IDLE,None,0
1766447187.394,-1.543,-0.048,0.000,0.000,0.004,0.000,IDLE,None,0
1766447187.451,-1.545,-0.046,0.000,0.000,0.002,0.000,IDLE,None,0
