t,roll,pitch,dz_fl,dz_fr,dz_rl,dz_rr
0.0135,1.227,-0.649,-0.00093,0.00038,-0.00038,0.00093
0.047,0.49,-0.513,-0.00115,0.00016,-0.00016,0.00115
0.0808,0.142,-0.22,-0.00115,0.00016,-0.00016,0.00115
0.1146,-0.205,0.653,-0.00087,0.00044,-0.00044,0.00087
0.1481,-0.703,1.78,0.00026,0.00082,-0.00082,-0.00026
0.1814,-1.486,2.821,0.00226,0.00123,-0.00123,-0.00226
0.2148,-2.32,3.569,0.00502,0.00152,-0.00152,-0.00502
0.2482,-2.701,4.15,0.00823,0.00185,-0.00185,-0.00823
0.2817,-2.127,4.28,0.01119,0.00254,-0.00254,-0.01119
0.3153,-1.394,3.828,0.01357,0.00343,-0.00343,-0.01357
0.3486,-1.018,3.466,0.01559,0.00437,-0.00437,-0.01559
0.3821,-0.851,3.106,0.01737,0.00524,-0.00524,-0.01737
0.4154,-0.52,2.824,0.01885,0.00616,-0.00616,-0.01885
0.449,-0.331,2.495,0.01992,0.00723,-0.00723,-0.01992
0.4824,-0.248,2.075,0.0208,0.00811,-0.00811,-0.0208
0.5134,-0.264,1.619,0.02149,0.00881,-0.00881,-0.02149
0.5446,-0.304,1.174,0.02199,0.00931,-0.00931,-0.02199
0.5747,-0.311,0.776,0.02232,0.00964,-0.00964,-0.02232
0.605,-0.299,0.468,0.02232,0.00964,-0.00964,-0.02232
0.6358,-0.186,0.296,0.02232,0.00964,-0.00964,-0.02232
0.6661,-0.056,0.182,0.02232,0.00964,-0.00964,-0.02232
0.6962,0.114,0.123,0.02232,0.00964,-0.00964,-0.02232
0.7279,0.262,0.048,0.02232,0.00964,-0.00964,-0.02232
0.7585,0.301,-0.028,0.02232,0.00964,-0.00964,-0.02232
0.7889,0.325,-0.218,0.02232,0.00964,-0.00964,-0.02232
0.8201,0.3,-0.488,0.02232,0.00964,-0.00964,-0.02232
0.8534,0.243,-0.833,0.02197,0.00928,-0.00928,-0.02197
0.8836,0.176,-1.262,0.02143,0.00874,-0.00874,-0.02143
0.915,0.14,-1.85,0.02064,0.00795,-0.00795,-0.02064
0.9451,0.067,-2.44,0.0196,0.00691,-0.00691,-0.0196
0.9785,0.016,-3.021,0.01831,0.00562,-0.00562,-0.01831
1.0097,0.034,-3.613,0.01677,0.00408,-0.00408,-0.01677
1.0409,0.316,-4.023,0.01505,0.00237,-0.00237,-0.01505
1.0716,0.694,-4.173,0.0129,0.00096,-0.00096,-0.0129
1.1028,0.799,-4.255,0.01066,-0.00043,0.00043,-0.01066
1.1334,0.858,-4.277,0.00838,-0.0018,0.0018,-0.00838
1.1638,0.906,-4.096,0.00615,-0.00307,0.00307,-0.00615
1.1966,0.924,-3.716,0.00407,-0.00416,0.00416,-0.00407
1.227,0.857,-3.309,0.0022,-0.00511,0.00511,-0.0022
1.2572,0.799,-2.912,0.00053,-0.00593,0.00593,-0.00053
1.29,0.758,-2.39,-0.00089,-0.00654,0.00654,0.00089
1.3203,0.754,-1.809,-0.00207,-0.00691,0.00691,0.00207
1.3503,0.706,-1.491,-0.00308,-0.00717,0.00717,0.00308
1.383,0.626,-1.095,-0.00388,-0.00731,0.00731,0.00388
1.4139,0.656,-0.692,-0.00453,-0.00725,0.00725,0.00453
1.4448,0.677,-0.382,-0.00489,-0.00689,0.00689,0.00489
1.476,0.655,-0.122,-0.00524,-0.00654,0.00654,0.00524
1.5091,0.671,-0.004,-0.00559,-0.00619,0.00619,0.00559
1.542,0.742,0.071,-0.00599,-0.00579,0.00579,0.00599
1.5723,0.735,0.108,-0.00638,-0.0054,0.0054,0.00638
1.6029,0.696,0.169,-0.00675,-0.00503,0.00503,0.00675
1.6355,0.73,0.18,-0.00714,-0.00464,0.00464,0.00714
1.6659,0.719,0.137,-0.00753,-0.00425,0.00425,0.00753
1.6962,0.646,0.235,-0.00787,-0.00391,0.00391,0.00787
1.7293,0.545,0.323,-0.00816,-0.00362,0.00362,0.00816
1.7596,0.491,0.497,-0.00816,-0.00362,0.00362,0.00816
1.7895,0.4,0.659,-0.00788,-0.00334,0.00334,0.00788
1.8206,0.294,0.869,-0.00751,-0.00297,0.00297,0.00751
1.851,0.237,1.062,-0.00706,-0.00251,0.00251,0.00706
1.8814,0.185,1.223,-0.00653,-0.00199,0.00199,0.00653
1.9133,0.115,1.325,-0.00597,-0.00143,0.00143,0.00597
1.944,0.142,1.39,-0.00538,-0.00083,0.00083,0.00538
1.9741,0.244,1.498,-0.00474,-0.00019,0.00019,0.00474
2.0067,0.343,1.487,-0.0041,0.00044,-0.00044,0.0041
2.0369,0.429,1.497,-0.00346,0.00108,-0.00108,0.00346
2.0697,0.413,1.49,-0.00283,0.00172,-0.00172,0.00283
2.1027,0.395,1.434,-0.00222,0.00233,-0.00233,0.00222
2.1332,0.431,1.306,-0.00166,0.00288,-0.00288,0.00166
2.1636,0.514,1.093,-0.00147,0.00362,-0.00362,0.00147
2.1964,0.453,0.925,-0.00107,0.00402,-0.00402,0.00107
2.2264,0.419,0.848,-0.00071,0.00438,-0.00438,0.00071
2.257,0.366,0.636,-0.00044,0.00465,-0.00465,0.00044
2.29,0.338,0.484,-0.00044,0.00465,-0.00465,0.00044
2.321,0.309,0.281,-0.00044,0.00465,-0.00465,0.00044
2.3521,0.31,0.087,-0.00044,0.00465,-0.00465,0.00044
2.3842,0.3,-0.141,-0.00044,0.00465,-0.00465,0.00044
2.4149,0.267,-0.341,-0.00044,0.00465,-0.00465,0.00044
2.4462,0.145,-0.571,-0.00068,0.00441,-0.00441,0.00068
2.4765,0.062,-0.758,-0.001,0.00409,-0.00409,0.001
2.5093,-0.034,-0.913,-0.00139,0.0037,-0.0037,0.00139
2.5424,-0.155,-1.12,-0.00187,0.00322,-0.00322,0.00187
2.5728,-0.284,-1.323,-0.00244,0.00265,-0.00265,0.00244
2.6028,-0.368,-1.384,-0.00303,0.00206,-0.00206,0.00303
2.6359,-0.49,-1.499,-0.00367,0.00142,-0.00142,0.00367
2.6659,-0.596,-1.578,-0.00402,0.00043,-0.00043,0.00402
2.6959,-0.692,-1.669,-0.00436,-0.00065,0.00065,0.00436
2.7267,-0.727,-1.825,-0.00476,-0.00182,0.00182,0.00476
2.757,-0.787,-1.717,-0.00507,-0.00297,0.00297,0.00507
2.7869,-0.769,-1.646,-0.00536,-0.00408,0.00408,0.00536
2.8176,-0.656,-1.729,-0.00575,-0.00517,0.00517,0.00575
2.8478,-0.69,-1.763,-0.00613,-0.00629,0.00629,0.00613
2.8779,-0.727,-1.711,-0.00647,-0.00741,0.00741,0.00647
2.9092,-0.639,-1.565,-0.0068,-0.00841,0.00841,0.0068
2.9424,-0.595,-1.505,-0.00713,-0.00937,0.00937,0.00713
2.9728,-0.41,-1.228,-0.00765,-0.0099,0.0099,0.00765
3.0051,-0.32,-1.017,-0.00808,-0.01033,0.01033,0.00808
3.0353,-0.229,-0.85,-0.00845,-0.01069,0.01069,0.00845
3.0655,-0.052,-0.754,-0.00877,-0.01102,0.01102,0.00877
3.0976,0.073,-0.619,-0.00903,-0.01128,0.01128,0.00903
3.1276,0.171,-0.517,-0.00925,-0.0115,0.0115,0.00925
3.1576,0.254,-0.416,-0.00925,-0.0115,0.0115,0.00925
3.1888,0.297,-0.313,-0.00925,-0.0115,0.0115,0.00925
3.2189,0.337,-0.289,-0.00925,-0.0115,0.0115,0.00925
3.2516,0.326,-0.25,-0.00925,-0.0115,0.0115,0.00925
3.2839,0.274,-0.279,-0.00925,-0.0115,0.0115,0.00925
3.314,0.205,-0.339,-0.00925,-0.0115,0.0115,0.00925
3.3442,0.127,-0.357,-0.00925,-0.0115,0.0115,0.00925
3.3757,0.046,-0.382,-0.00925,-0.0115,0.0115,0.00925
3.4062,-0.022,-0.422,-0.00925,-0.0115,0.0115,0.00925
3.4363,-0.089,-0.447,-0.00925,-0.0115,0.0115,0.00925
3.4669,-0.163,-0.472,-0.00925,-0.0115,0.0115,0.00925
3.4983,-0.252,-0.512,-0.00947,-0.01172,0.01172,0.00947
3.5283,-0.365,-0.579,-0.00972,-0.01197,0.01197,0.00972
3.5588,-0.423,-0.696,-0.01002,-0.01226,0.01226,0.01002
3.5915,-0.513,-0.73,-0.01005,-0.01285,0.01285,0.01005
3.6217,-0.597,-0.702,-0.01004,-0.01347,0.01347,0.01004
3.6526,-0.677,-0.881,-0.01005,-0.0142,0.0142,0.01005
3.6853,-0.695,-1.013,-0.01011,-0.01501,0.01501,0.01011
3.7154,-0.766,-1.041,-0.01015,-0.01586,0.01586,0.01015
3.7474,-0.845,-1.027,-0.01013,-0.01675,0.01675,0.01013
3.7774,-0.831,-1.004,-0.01012,-0.01762,0.01762,0.01012
3.8099,-0.75,-1.017,-0.01015,-0.01845,0.01845,0.01015
3.8427,-0.804,-1.086,-0.01019,-0.01934,0.01934,0.01019
3.8728,-0.792,-1.15,-0.01026,-0.02026,0.02026,0.01026
3.9027,-0.783,-1.163,-0.01034,-0.02117,0.02117,0.01034
3.9357,-0.691,-1.084,-0.01043,-0.022,0.022,0.01043
3.9662,-0.58,-1.072,-0.01058,-0.02277,0.02277,0.01058
3.996,-0.386,-0.985,-0.011,-0.02319,0.02319,0.011
4.0268,-0.155,-0.992,-0.01142,-0.02361,0.02361,0.01142
4.057,0.012,-1.004,-0.01185,-0.02404,0.02404,0.01185
4.0871,0.174,-1.032,-0.01229,-0.02448,0.02448,0.01229
4.118,0.186,-0.916,-0.01268,-0.02487,0.02487,0.01268
4.1479,0.23,-1.033,-0.01312,-0.02531,0.02531,0.01312
4.1779,0.29,-1.145,-0.01361,-0.0258,0.0258,0.01361
4.2087,0.244,-1.231,-0.01414,-0.02633,0.02633,0.01414
4.2388,0.233,-1.268,-0.01468,-0.02687,0.02687,0.01468
4.2692,0.259,-1.295,-0.01523,-0.02742,0.02742,0.01523
4.2998,0.298,-1.11,-0.0157,-0.02789,0.02789,0.0157
4.3327,0.249,-0.858,-0.01607,-0.02826,0.02826,0.01607
4.3633,0.233,-0.663,-0.01635,-0.02854,0.02854,0.01635
4.3938,0.235,-0.513,-0.01657,-0.02876,0.02876,0.01657
4.427,0.131,-0.433,-0.01657,-0.02876,0.02876,0.01657
4.4572,0.01,-0.358,-0.01657,-0.02876,0.02876,0.01657
4.4882,-0.169,-0.326,-0.01657,-0.02876,0.02876,0.01657
4.5185,-0.217,-0.238,-0.01657,-0.02876,0.02876,0.01657
4.5514,-0.235,-0.135,-0.01657,-0.02876,0.02876,0.01657
4.5831,-0.248,-0.052,-0.01657,-0.02876,0.02876,0.01657
4.6134,-0.269,-0.004,-0.01657,-0.02876,0.02876,0.01657
4.644,-0.29,0.028,-0.01657,-0.02876,0.02876,0.01657
4.6757,-0.325,0.058,-0.01657,-0.02876,0.02876,0.01657
4.7061,-0.362,0.06,-0.01657,-0.02876,0.02876,0.01657
4.7362,-0.412,0.056,-0.01657,-0.02876,0.02876,0.01657
4.767,-0.473,0.065,-0.01657,-0.02876,0.02876,0.01657
4.8006,-0.541,0.121,-0.01628,-0.02905,0.02905,0.01628
4.8308,-0.635,0.157,-0.01594,-0.02939,0.02939,0.01594
4.8637,-0.768,0.17,-0.01553,-0.0298,0.0298,0.01553
4.8938,-0.919,0.182,-0.01504,-0.03029,0.03029,0.01504
4.9239,-1.087,0.267,-0.01446,-0.03087,0.03087,0.01446
4.9547,-1.19,0.337,-0.01383,-0.0315,0.0315,0.01383
4.9851,-1.315,0.5,-0.01291,-0.03199,0.03199,0.01291
5.0152,-1.382,0.597,-0.01192,-0.03247,0.03247,0.01192
5.0467,-1.468,0.759,-0.01082,-0.03293,0.03293,0.01082
5.0768,-1.466,0.859,-0.00967,-0.03335,0.03335,0.00967
5.1096,-1.42,0.826,-0.00856,-0.03375,0.03375,0.00856
5.1417,-1.24,0.832,-0.00754,-0.03406,0.03406,0.00754
5.1718,-1.135,0.993,-0.00651,-0.03424,0.03424,0.00651
5.2017,-0.837,1.187,-0.00556,-0.03418,0.03418,0.00556
5.2336,-0.451,1.422,-0.00495,-0.03357,0.03357,0.00495
5.2636,-0.06,1.577,-0.00428,-0.0329,0.0329,0.00428
5.2937,0.226,1.73,-0.00354,-0.03216,0.03216,0.00354
5.325,0.54,1.798,-0.00306,-0.03111,0.03111,0.00306
5.3555,0.852,1.953,-0.00268,-0.02982,0.02982,0.00268
5.3877,0.98,2.041,-0.00233,-0.02843,0.02843,0.00233
5.4194,1.065,2.158,-0.00198,-0.02694,0.02694,0.00198
5.4495,1.077,2.152,-0.00164,-0.02544,0.02544,0.00164
5.4797,0.994,1.961,-0.00133,-0.02408,0.02408,0.00133
5.5111,0.761,1.877,-0.00094,-0.02287,0.02287,0.00094
5.5412,0.353,1.679,-0.00022,-0.02215,0.02215,0.00022
5.5738,0.015,1.49,0.00042,-0.02152,0.02152,-0.00042
5.6057,-0.276,1.431,0.00103,-0.02091,0.02091,-0.00103
5.6364,-0.517,1.176,0.0018,-0.02068,0.02068,-0.0018
5.6663,-0.775,1.034,0.00266,-0.02066,0.02066,-0.00266
5.6987,-0.854,0.871,0.00348,-0.02074,0.02074,-0.00348
5.7288,-1.013,0.873,0.0044,-0.02091,0.02091,-0.0044
5.7587,-1.157,0.878,0.00539,-0.02115,0.02115,-0.00539
5.7908,-1.078,0.915,0.00635,-0.02133,0.02133,-0.00635
5.8213,-0.905,0.94,0.00724,-0.02141,0.02141,-0.00724
5.8517,-0.636,1.053,0.00803,-0.0213,0.0213,-0.00803
5.8836,-0.319,1.109,0.0085,-0.02083,0.02083,-0.0085
5.9138,-0.044,1.253,0.00903,-0.0203,0.0203,-0.00903
5.9438,0.286,1.248,0.00957,-0.01976,0.01976,-0.00957
5.9747,0.499,1.354,0.01014,-0.01919,0.01919,-0.01014
6.0058,0.756,1.411,0.01034,-0.01818,0.01818,-0.01034
6.0371,0.96,1.309,0.01039,-0.01711,0.01711,-0.01039
6.0679,1.211,1.2,0.01026,-0.01595,0.01595,-0.01026
6.1008,1.403,1.14,0.00999,-0.01472,0.01472,-0.00999
6.1311,1.47,0.974,0.00963,-0.01352,0.01352,-0.00963
6.1635,1.524,0.95,0.00922,-0.0123,0.0123,-0.00922
6.1935,1.491,0.989,0.00885,-0.01108,0.01108,-0.00885
6.2262,1.412,0.994,0.00852,-0.00991,0.00991,-0.00852
6.2587,1.233,1.001,0.00829,-0.00882,0.00882,-0.00829
6.2892,0.996,0.801,0.0081,-0.00795,0.00795,-0.0081
6.3196,0.809,0.779,0.008,-0.00718,0.00718,-0.008
6.3501,0.559,0.75,0.00802,-0.00657,0.00657,-0.00802
6.3829,0.258,0.678,0.00831,-0.00628,0.00628,-0.00831
6.414,0.047,0.573,0.00855,-0.00603,0.00603,-0.00855
6.4466,-0.074,0.526,0.00878,-0.00581,0.00581,-0.00878
6.4769,-0.173,0.643,0.00905,-0.00553,0.00553,-0.00905
6.5074,-0.234,0.818,0.0094,-0.00519,0.00519,-0.0094
6.5396,-0.298,0.898,0.00978,-0.0048,0.0048,-0.00978
6.5697,-0.402,0.958,0.01019,-0.00439,0.00439,-0.01019
6.6003,-0.525,1.046,0.01092,-0.00423,0.00423,-0.01092
6.6307,-0.645,1.166,0.01176,-0.00407,0.00407,-0.01176
6.6635,-0.58,1.206,0.01258,-0.00387,0.00387,-0.01258
6.6951,-0.423,1.172,0.01308,-0.00337,0.00337,-0.01308
6.7279,-0.256,1.112,0.01356,-0.00289,0.00289,-0.01356
6.7584,-0.033,1.081,0.01402,-0.00243,0.00243,-0.01402
6.7913,0.23,1.055,0.01447,-0.00198,0.00198,-0.01447
6.8214,0.39,1.019,0.01491,-0.00155,0.00155,-0.01491
6.8514,0.489,0.898,0.01529,-0.00116,0.00116,-0.01529
6.8843,0.593,0.953,0.01538,-0.00044,0.00044,-0.01538
6.9145,0.739,0.895,0.01537,0.00033,-0.00033,-0.01537
6.9444,0.885,0.917,0.01529,0.0012,-0.0012,-0.01529
6.9751,0.917,0.856,0.01516,0.00205,-0.00205,-0.01516
7.0053,0.935,0.758,0.01499,0.00287,-0.00287,-0.01499
7.0353,0.909,0.604,0.01476,0.00362,-0.00362,-0.01476
7.0689,0.843,0.503,0.01453,0.00428,-0.00428,-0.01453
7.0995,0.704,0.521,0.01437,0.00488,-0.00488,-0.01437
7.1295,0.562,0.453,0.01407,0.00518,-0.00518,-0.01407
7.1618,0.412,0.395,0.01407,0.00518,-0.00518,-0.01407
7.1918,0.293,0.359,0.01407,0.00518,-0.00518,-0.01407
7.2217,0.219,0.325,0.01407,0.00518,-0.00518,-0.01407
7.2539,0.166,0.318,0.01407,0.00518,-0.00518,-0.01407
7.2839,0.128,0.274,0.01407,0.00518,-0.00518,-0.01407
7.314,0.104,0.236,0.01407,0.00518,-0.00518,-0.01407
7.3455,0.109,0.21,0.01407,0.00518,-0.00518,-0.01407
7.3756,0.161,0.215,0.01407,0.00518,-0.00518,-0.01407
7.4088,0.248,0.26,0.01407,0.00518,-0.00518,-0.01407
7.4401,0.331,0.311,0.01407,0.00518,-0.00518,-0.01407
7.4708,0.401,0.36,0.01407,0.00518,-0.00518,-0.01407
7.5011,0.474,0.425,0.01407,0.00518,-0.00518,-0.01407
7.5343,0.551,0.508,0.01399,0.00569,-0.00569,-0.01399
7.5645,0.643,0.577,0.0139,0.00628,-0.00628,-0.0139
7.5946,0.721,0.698,0.01381,0.00696,-0.00696,-0.01381
7.6278,0.808,0.84,0.01374,0.00775,-0.00775,-0.01374
7.658,0.862,0.891,0.01366,0.00859,-0.00859,-0.01366
7.6886,0.899,0.941,0.01358,0.00947,-0.00947,-0.01358
7.7213,0.998,0.931,0.01345,0.0104,-0.0104,-0.01345
7.7519,1.118,0.964,0.01326,0.01141,-0.01141,-0.01326
7.7823,1.106,0.844,0.01303,0.01236,-0.01236,-0.01303
7.8153,1.092,0.714,0.01275,0.01324,-0.01324,-0.01275
7.8458,1.079,0.596,0.01243,0.01407,-0.01407,-0.01243
7.8765,0.97,0.389,0.01192,0.01459,-0.01459,-0.01192
7.907,0.861,0.242,0.01146,0.01505,-0.01505,-0.01146
7.9374,0.735,0.142,0.01107,0.01544,-0.01544,-0.01107
7.9678,0.533,0.006,0.01078,0.01573,-0.01573,-0.01078
8.0007,0.309,0.003,0.01078,0.01573,-0.01573,-0.01078
8.0309,0.182,-0.03,0.01078,0.01573,-0.01573,-0.01078
8.0612,0.135,-0.126,0.01078,0.01573,-0.01573,-0.01078
8.0943,0.101,-0.265,0.01078,0.01573,-0.01573,-0.01078
8.1247,0.091,-0.375,0.01078,0.01573,-0.01573,-0.01078
8.1556,0.161,-0.468,0.01078,0.01573,-0.01573,-0.01078
8.1888,0.281,-0.567,0.01054,0.01548,-0.01548,-0.01054
8.2189,0.421,-0.675,0.01025,0.0152,-0.0152,-0.01025
8.2498,0.544,-0.715,0.00966,0.01518,-0.01518,-0.00966
8.28,0.692,-0.856,0.00892,0.01518,-0.01518,-0.00892
8.3105,0.847,-0.899,0.00809,0.01525,-0.01525,-0.00809
8.341,0.996,-0.975,0.00714,0.01537,-0.01537,-0.00714
8.3715,1.097,-1.005,0.00613,0.01552,-0.01552,-0.00613
8.4015,1.114,-1.053,0.00508,0.01567,-0.01567,-0.00508
8.4319,1.127,-1.0,0.00405,0.01584,-0.01584,-0.00405
8.4648,1.044,-0.961,0.00309,0.01599,-0.01599,-0.00309
8.4951,0.907,-0.974,0.00219,0.01606,-0.01606,-0.00219
8.5255,0.738,-0.921,0.0014,0.01606,-0.01606,-0.0014
8.5581,0.531,-0.765,0.00079,0.01601,-0.01601,-0.00079
8.5882,0.411,-0.631,0.00052,0.01575,-0.01575,-0.00052
8.6188,0.307,-0.598,0.00027,0.01549,-0.01549,-0.00027
8.6517,0.128,-0.606,1e-05,0.01523,-0.01523,-1e-05
8.682,-0.025,-0.598,-0.00025,0.01498,-0.01498,0.00025
8.7124,-0.15,-0.578,-0.00049,0.01473,-0.01473,0.00049
8.7453,-0.181,-0.59,-0.00074,0.01448,-0.01448,0.00074
8.7756,-0.114,-0.677,-0.00103,0.01419,-0.01419,0.00103
8.8062,-0.042,-0.678,-0.00132,0.0139,-0.0139,0.00132
8.8393,-0.022,-0.696,-0.00162,0.0136,-0.0136,0.00162
8.8701,0.052,-0.752,-0.00194,0.01328,-0.01328,0.00194
8.902,0.149,-0.852,-0.0023,0.01292,-0.01292,0.0023
8.9322,0.245,-1.017,-0.00274,0.01249,-0.01249,0.00274
8.9624,0.309,-1.111,-0.00321,0.01201,-0.01201,0.00321
8.9935,0.344,-1.173,-0.00371,0.01151,-0.01151,0.00371
9.0238,0.386,-1.321,-0.00428,0.01095,-0.01095,0.00428
9.0541,0.469,-1.53,-0.00493,0.01029,-0.01029,0.00493
9.0851,0.558,-1.702,-0.00595,0.00987,-0.00987,0.00595
9.1155,0.529,-1.726,-0.00697,0.00941,-0.00941,0.00697
9.1457,0.618,-1.719,-0.00803,0.00901,-0.00901,0.00803
9.1758,0.766,-1.674,-0.00916,0.0087,-0.0087,0.00916
9.2085,0.912,-1.591,-0.01032,0.00851,-0.00851,0.01032
9.2385,0.955,-1.531,-0.01148,0.00837,-0.00837,0.01148
9.2689,0.826,-1.427,-0.01253,0.0082,-0.0082,0.01253
9.3019,0.772,-1.392,-0.01354,0.00802,-0.00802,0.01354
9.3322,0.846,-1.202,-0.0145,0.00795,-0.00795,0.0145
9.3632,0.79,-1.089,-0.01539,0.00791,-0.00791,0.01539
9.3962,0.678,-0.997,-0.01618,0.00785,-0.00785,0.01618
9.427,0.603,-0.966,-0.01691,0.00776,-0.00776,0.01691
9.4592,0.397,-0.905,-0.0173,0.00737,-0.00737,0.0173
9.4923,0.203,-0.887,-0.01767,0.00699,-0.00699,0.01767
9.5224,0.03,-0.817,-0.01802,0.00664,-0.00664,0.01802
9.5552,-0.145,-0.722,-0.01833,0.00633,-0.00633,0.01833
9.5852,-0.249,-0.744,-0.01865,0.00602,-0.00602,0.01865
9.6152,-0.282,-0.699,-0.01895,0.00572,-0.00572,0.01895
9.6481,-0.38,-0.605,-0.01921,0.00546,-0.00546,0.01921
9.678,-0.364,-0.512,-0.01942,0.00524,-0.00524,0.01942
9.7085,-0.329,-0.629,-0.01969,0.00497,-0.00497,0.01969
9.7395,-0.243,-0.671,-0.01998,0.00469,-0.00469,0.01998
9.7699,-0.186,-0.725,-0.02029,0.00438,-0.00438,0.02029
9.8001,-0.136,-0.715,-0.02059,0.00407,-0.00407,0.02059
9.8327,-0.055,-0.744,-0.02091,0.00376,-0.00376,0.02091
9.8627,0.005,-0.791,-0.02125,0.00342,-0.00342,0.02125
9.8929,0.06,-0.836,-0.0216,0.00306,-0.00306,0.0216
9.9246,0.098,-0.895,-0.02199,0.00268,-0.00268,0.02199
9.9545,0.064,-0.917,-0.02238,0.00229,-0.00229,0.02238
9.9845,0.011,-0.934,-0.02278,0.00189,-0.00189,0.02278
10.0151,0.024,-0.983,-0.0232,0.00147,-0.00147,0.0232
10.0463,0.011,-1.11,-0.02367,0.001,-0.001,0.02367
10.0786,-0.056,-1.186,-0.02418,0.00049,-0.00049,0.02418
10.1094,-0.167,-1.213,-0.02469,-3e-05,3e-05,0.02469
10.1403,-0.193,-1.174,-0.02519,-0.00053,0.00053,0.02519
10.1706,-0.179,-1.081,-0.02565,-0.00099,0.00099,0.02565
10.2032,-0.26,-1.289,-0.0262,-0.00154,0.00154,0.0262
10.2335,-0.274,-1.387,-0.0268,-0.00213,0.00213,0.0268
10.2659,-0.284,-1.423,-0.0274,-0.00274,0.00274,0.0274
10.2977,-0.277,-1.422,-0.02801,-0.00334,0.00334,0.02801
10.3281,-0.222,-1.443,-0.02863,-0.00396,0.00396,0.02863
10.3584,-0.294,-1.435,-0.02924,-0.00457,0.00457,0.02924
10.3914,-0.268,-1.443,-0.02985,-0.00519,0.00519,0.02985
10.4221,-0.251,-1.444,-0.03047,-0.0058,0.0058,0.03047
10.4524,-0.187,-1.443,-0.03109,-0.00642,0.00642,0.03109
10.4852,-0.274,-1.463,-0.03171,-0.00704,0.00704,0.03171
10.5155,-0.379,-1.372,-0.0323,-0.00763,0.00763,0.0323
10.5458,-0.466,-1.312,-0.03285,-0.00819,0.00819,0.03285
10.5786,-0.558,-1.218,-0.03308,-0.00901,0.00901,0.03308
10.6088,-0.725,-1.213,-0.03321,-0.00991,0.00991,0.03321
10.6393,-0.818,-1.134,-0.03326,-0.01083,0.01083,0.03326
10.67,-1.001,-1.002,-0.03315,-0.01179,0.01179,0.03315
10.7001,-1.178,-0.906,-0.03291,-0.01281,0.01281,0.03291
10.7302,-1.225,-0.939,-0.03265,-0.01386,0.01386,0.03265
10.7625,-1.267,-0.993,-0.0324,-0.01496,0.01496,0.0324
10.7928,-1.21,-1.057,-0.03221,-0.01606,0.01606,0.03221
10.8229,-1.21,-1.206,-0.03208,-0.01722,0.01722,0.03208
10.8538,-1.115,-1.2,-0.03199,-0.01832,0.01832,0.03199
10.884,-1.113,-1.349,-0.03198,-0.01949,0.01949,0.03198
10.914,-1.083,-1.455,-0.03202,-0.02069,0.02069,0.03202
10.946,-0.958,-1.406,-0.03211,-0.0218,0.0218,0.03211
10.976,-0.838,-1.347,-0.03224,-0.02282,0.02282,0.03224
11.006,-0.7,-1.276,-0.03241,-0.02374,0.02374,0.03241
11.037,-0.561,-1.149,-0.0326,-0.02453,0.02453,0.0326
11.0672,-0.425,-0.879,-0.03297,-0.0249,0.0249,0.03297
11.0973,-0.292,-0.699,-0.03327,-0.0252,0.0252,0.03327
11.128,-0.212,-0.466,-0.03327,-0.0252,0.0252,0.03327
11.1581,-0.159,-0.325,-0.03327,-0.0252,0.0252,0.03327
11.1899,-0.08,-0.289,-0.03327,-0.0252,0.0252,0.03327
11.2205,-0.027,-0.223,-0.03327,-0.0252,0.0252,0.03327
11.2535,-0.004,-0.139,-0.03327,-0.0252,0.0252,0.03327
11.2838,-0.025,-0.08,-0.03327,-0.0252,0.0252,0.03327
11.3144,-0.104,-0.092,-0.03327,-0.0252,0.0252,0.03327
11.3475,-0.233,-0.119,-0.03327,-0.0252,0.0252,0.03327
11.3778,-0.361,-0.115,-0.03327,-0.0252,0.0252,0.03327
11.4104,-0.495,-0.109,-0.03327,-0.0252,0.0252,0.03327
11.4413,-0.682,-0.098,-0.03291,-0.02557,0.02557,0.03291
11.4721,-0.931,-0.051,-0.03241,-0.02606,0.02606,0.03241
11.503,-1.167,0.107,-0.03179,-0.02669,0.02669,0.03179
11.5334,-1.381,0.144,-0.03105,-0.02742,0.02742,0.03105
11.5659,-1.603,0.204,-0.0302,-0.02828,0.02828,0.0302
11.5976,-1.757,0.356,-0.02926,-0.02921,0.02921,0.02926
11.6277,-2.038,0.525,-0.02795,-0.03008,0.03008,0.02795
11.6576,-2.199,0.726,-0.02647,-0.03094,0.03094,0.02647
11.6903,-2.372,0.789,-0.02487,-0.03187,0.03187,0.02487
11.7208,-2.53,0.947,-0.02311,-0.03281,0.03281,0.02311
11.7508,-2.388,1.078,-0.02138,-0.03363,0.03363,0.02138
11.7834,-2.362,1.209,-0.0196,-0.03437,0.03437,0.0196
11.8134,-2.322,1.265,-0.01782,-0.03507,0.03507,0.01782
11.8435,-2.227,1.395,-0.01604,-0.03566,0.03566,0.01604
11.8758,-2.15,1.445,-0.01428,-0.03619,0.03619,0.01428
11.9061,-1.952,1.523,-0.01259,-0.03658,0.03658,0.01259
11.9362,-1.704,1.399,-0.01108,-0.0369,0.0369,0.01108
11.9671,-1.466,1.375,-0.00971,-0.03709,0.03709,0.00971
11.9972,-1.222,1.397,-0.00846,-0.03715,0.03715,0.00846
12.0299,-0.991,1.506,-0.00729,-0.03703,0.03703,0.00729
12.063,-0.789,1.701,-0.00615,-0.03673,0.03673,0.00615
12.0932,-0.536,1.867,-0.00506,-0.03622,0.03622,0.00506
12.1237,-0.507,2.175,-0.00387,-0.03556,0.03556,0.00387
12.157,-0.458,2.514,-0.00279,-0.03449,0.03449,0.00279
12.1873,-0.389,2.849,-0.00158,-0.03327,0.03327,0.00158
12.2175,-0.414,3.13,-0.00024,-0.03194,0.03194,0.00024
12.2501,-0.42,3.339,0.00118,-0.03051,0.03051,-0.00118
12.2802,-0.442,3.468,0.00266,-0.02903,0.02903,-0.00266
12.3105,-0.546,3.56,0.00447,-0.0278,0.0278,-0.00447
12.3435,-0.693,3.479,0.00633,-0.02669,0.02669,-0.00633
12.3737,-0.723,3.289,0.00811,-0.02567,0.02567,-0.00811
12.4045,-0.781,3.0,0.00981,-0.02481,0.02481,-0.00981
12.4355,-0.829,2.948,0.01151,-0.02399,0.02399,-0.01151
12.4684,-0.803,2.816,0.01314,-0.02322,0.02322,-0.01314
12.4998,-0.757,2.672,0.01469,-0.02248,0.02248,-0.01469
12.5302,-0.655,2.289,0.01601,-0.02186,0.02186,-0.01601
12.5603,-0.426,1.979,0.01686,-0.02101,0.02101,-0.01686
12.5911,-0.178,1.644,0.01756,-0.02031,0.02031,-0.01756
12.6221,0.081,1.404,0.01816,-0.01971,0.01971,-0.01816
12.6522,0.327,1.283,0.0187,-0.01916,0.01916,-0.0187
12.6828,0.504,1.125,0.01891,-0.01842,0.01842,-0.01891
12.7157,0.622,1.036,0.01902,-0.01764,0.01764,-0.01902
12.7458,0.808,0.994,0.01902,-0.01679,0.01679,-0.01902
12.7763,0.995,1.045,0.01893,-0.01581,0.01581,-0.01893
12.807,1.261,1.23,0.01879,-0.01461,0.01461,-0.01879
12.8371,1.393,1.486,0.01868,-0.01324,0.01324,-0.01868
12.8673,1.392,1.722,0.01867,-0.01176,0.01176,-0.01867
12.9001,1.322,1.859,0.01876,-0.01026,0.01026,-0.01876
12.9302,1.349,1.845,0.01882,-0.00875,0.00875,-0.01882
12.9602,1.46,1.89,0.01885,-0.00717,0.00717,-0.01885
12.9932,1.465,1.94,0.0189,-0.00556,0.00556,-0.0189
13.0235,1.432,1.875,0.01893,-0.004,0.004,-0.01893
13.0539,1.349,1.753,0.01896,-0.00253,0.00253,-0.01896
13.0866,1.282,1.668,0.01899,-0.00113,0.00113,-0.01899
13.1167,1.168,1.535,0.01902,0.00014,-0.00014,-0.01902
13.1472,1.034,1.442,0.01909,0.00131,-0.00131,-0.01909
13.18,0.87,1.32,0.01919,0.00234,-0.00234,-0.01919
13.21,0.658,1.13,0.01932,0.00317,-0.00317,-0.01932
13.2406,0.479,0.847,0.01968,0.00353,-0.00353,-0.01968
13.2707,0.436,0.629,0.01995,0.0038,-0.0038,-0.01995
13.301,0.343,0.587,0.0202,0.00405,-0.00405,-0.0202
13.3312,0.323,0.597,0.02045,0.00431,-0.00431,-0.02045
13.3643,0.342,0.662,0.02073,0.00459,-0.00459,-0.02073
13.3943,0.35,0.754,0.02106,0.00491,-0.00491,-0.02106
13.425,0.4,0.724,0.02137,0.00522,-0.00522,-0.02137
13.4578,0.609,0.566,0.02128,0.00579,-0.00579,-0.02128
13.4882,0.811,0.531,0.02108,0.00645,-0.00645,-0.02108
13.5185,0.99,0.529,0.02077,0.0072,-0.0072,-0.02077
13.5511,1.183,0.606,0.0204,0.00809,-0.00809,-0.0204
13.5813,1.279,0.582,0.01997,0.00902,-0.00902,-0.01997
13.6119,1.385,0.464,0.01923,0.00976,-0.00976,-0.01923
13.6449,1.494,0.408,0.01843,0.01055,-0.01055,-0.01843
13.6753,1.486,0.382,0.01764,0.01135,-0.01135,-0.01764
13.7064,1.402,0.393,0.01689,0.0121,-0.0121,-0.01689
13.7395,1.336,0.416,0.01618,0.01281,-0.01281,-0.01618
13.7699,1.237,0.48,0.01552,0.01347,-0.01347,-0.01552
13.802,1.084,0.48,0.01494,0.01405,-0.01405,-0.01494
13.8324,0.91,0.706,0.01476,0.01483,-0.01483,-0.01476
13.8627,0.612,0.713,0.01474,0.01546,-0.01546,-0.01474
13.8946,0.47,0.762,0.01506,0.01579,-0.01579,-0.01506
13.9248,0.275,0.856,0.01543,0.01615,-0.01615,-0.01543
13.9548,0.269,0.948,0.01583,0.01656,-0.01656,-0.01583
13.9859,0.263,1.182,0.01633,0.01706,-0.01706,-0.01633
14.0187,0.26,1.271,0.01688,0.0176,-0.0176,-0.01688
14.0488,0.337,1.26,0.01741,0.01814,-0.01814,-0.01741
14.0808,0.352,1.285,0.01796,0.01869,-0.01869,-0.01796
14.111,0.37,1.19,0.01847,0.0192,-0.0192,-0.01847
14.1412,0.454,1.097,0.01894,0.01967,-0.01967,-0.01894
14.1721,0.536,1.121,0.01913,0.02043,-0.02043,-0.01913
14.2022,0.528,1.147,0.01934,0.0212,-0.0212,-0.01934
14.2324,0.478,0.927,0.01973,0.0216,-0.0216,-0.01973
14.2632,0.469,0.835,0.02009,0.02195,-0.02195,-0.02009
14.2954,0.536,0.821,0.02016,0.02259,-0.02259,-0.02016
14.3258,0.584,0.684,0.02014,0.02319,-0.02319,-0.02014
14.357,0.591,0.616,0.02008,0.02377,-0.02377,-0.02008
14.3874,0.492,0.592,0.02034,0.02402,-0.02402,-0.02034
14.4179,0.42,0.516,0.02056,0.02424,-0.02424,-0.02056
14.4494,0.466,0.39,0.02056,0.02424,-0.02424,-0.02056
14.4797,0.506,0.456,0.02029,0.02451,-0.02451,-0.02029
14.5098,0.484,0.382,0.02029,0.02451,-0.02451,-0.02029
14.5406,0.522,0.498,0.02001,0.02479,-0.02479,-0.02001
14.5713,0.573,0.606,0.01996,0.02536,-0.02536,-0.01996
14.6014,0.665,0.708,0.01991,0.02601,-0.02601,-0.01991
14.6317,0.743,0.854,0.01988,0.02677,-0.02677,-0.01988
14.665,0.869,0.919,0.0198,0.02763,-0.02763,-0.0198
14.6953,0.913,1.029,0.01976,0.02855,-0.02855,-0.01976
14.7257,0.831,1.047,0.01976,0.02944,-0.02944,-0.01976
14.7585,0.798,1.135,0.01982,0.03035,-0.03035,-0.01982
14.7886,0.557,1.161,0.02002,0.03115,-0.03115,-0.02002
14.8189,0.343,1.051,0.02047,0.03159,-0.03159,-0.02047
14.8518,0.157,1.044,0.02091,0.03204,-0.03204,-0.02091
14.8818,-0.122,1.106,0.02138,0.03251,-0.03251,-0.02138
14.9121,-0.336,1.036,0.02182,0.03295,-0.03295,-0.02182
14.945,-0.537,0.871,0.02248,0.03304,-0.03304,-0.02248
14.9753,-0.66,0.585,0.02308,0.03294,-0.03294,-0.02308
15.0059,-0.734,0.406,0.02348,0.03255,-0.03255,-0.02348
15.0388,-0.816,0.11,0.02391,0.03211,-0.03211,-0.02391
15.0692,-0.789,-0.084,0.02433,0.03169,-0.03169,-0.02433
15.1002,-0.7,-0.168,0.0247,0.03132,-0.03132,-0.0247
15.132,-0.591,-0.246,0.02502,0.031,-0.031,-0.02502
15.162,-0.469,-0.344,0.02502,0.031,-0.031,-0.02502
15.1928,-0.299,-0.439,0.02502,0.031,-0.031,-0.02502
15.2228,-0.162,-0.443,0.02502,0.031,-0.031,-0.02502
15.253,-0.006,-0.481,0.02502,0.031,-0.031,-0.02502
15.2836,0.039,-0.534,0.02479,0.03077,-0.03077,-0.02479
15.3165,0.019,-0.639,0.02452,0.0305,-0.0305,-0.02452
15.3474,0.048,-0.765,0.02419,0.03017,-0.03017,-0.02419
15.3785,0.086,-0.839,0.02384,0.02982,-0.02982,-0.02384
15.4091,0.113,-1.003,0.02341,0.02939,-0.02939,-0.02341
15.4397,0.136,-1.203,0.02289,0.02888,-0.02888,-0.02289
15.4705,0.081,-1.294,0.02234,0.02832,-0.02832,-0.02234
15.5032,0.066,-1.323,0.02178,0.02776,-0.02776,-0.02178
15.5338,0.029,-1.403,0.02118,0.02716,-0.02716,-0.02118
15.5645,0.019,-1.422,0.02057,0.02655,-0.02655,-0.02057
15.5951,0.006,-1.521,0.01992,0.0259,-0.0259,-0.01992
15.6256,-0.007,-1.593,0.01924,0.02522,-0.02522,-0.01924
15.6569,-0.039,-1.637,0.01854,0.02453,-0.02453,-0.01854
15.6876,-0.027,-1.618,0.01785,0.02384,-0.02384,-0.01785
15.7206,-0.113,-1.576,0.01718,0.02316,-0.02316,-0.01718
15.7518,-0.184,-1.519,0.01653,0.02252,-0.02252,-0.01653
15.7823,-0.293,-1.386,0.01594,0.02192,-0.02192,-0.01594
15.8127,-0.445,-1.137,0.01546,0.02144,-0.02144,-0.01546
15.8447,-0.513,-0.808,0.01539,0.02082,-0.02082,-0.01539
15.8753,-0.665,-0.705,0.01544,0.02017,-0.02017,-0.01544
15.9059,-0.813,-0.663,0.01559,0.01945,-0.01945,-0.01559
15.9379,-0.84,-0.637,0.01577,0.01873,-0.01873,-0.01577
15.9683,-0.76,-0.653,0.01589,0.01804,-0.01804,-0.01589
15.9988,-0.733,-0.881,0.01591,0.01728,-0.01728,-0.01591
16.0299,-0.684,-1.015,0.01584,0.01648,-0.01648,-0.01584
16.0603,-0.65,-1.122,0.01571,0.01565,-0.01565,-0.01571
16.0909,-0.579,-1.249,0.01549,0.01481,-0.01481,-0.01549
16.1218,-0.49,-1.356,0.01491,0.01423,-0.01423,-0.01491
16.1521,-0.501,-1.491,0.01454,0.01333,-0.01333,-0.01454
16.1825,-0.449,-1.703,0.01381,0.0126,-0.0126,-0.01381
16.2129,-0.41,-1.702,0.01309,0.01188,-0.01188,-0.01309
16.2458,-0.34,-1.737,0.01234,0.01114,-0.01114,-0.01234
16.2763,-0.231,-1.677,0.01163,0.01042,-0.01042,-0.01163
16.3072,-0.205,-1.636,0.01093,0.00972,-0.00972,-0.01093
16.3404,-0.172,-1.648,0.01023,0.00902,-0.00902,-0.01023
16.3709,-0.216,-1.71,0.0095,0.00829,-0.00829,-0.0095
16.4035,-0.314,-1.749,0.00875,0.00754,-0.00754,-0.00875
16.4343,-0.352,-1.628,0.00806,0.00685,-0.00685,-0.00806
16.4646,-0.355,-1.543,0.0074,0.00619,-0.00619,-0.0074
16.4955,-0.419,-1.585,0.00672,0.00552,-0.00552,-0.00672
16.5261,-0.48,-1.684,0.006,0.0048,-0.0048,-0.006
16.5564,-0.525,-1.736,0.00554,0.00378,-0.00378,-0.00554
16.5875,-0.601,-1.735,0.00512,0.00272,-0.00272,-0.00512
16.6178,-0.674,-1.611,0.0048,0.00167,-0.00167,-0.0048
16.648,-0.748,-1.554,0.00453,0.00061,-0.00061,-0.00453
16.6787,-0.7,-1.629,0.00421,-0.00046,0.00046,-0.00421
16.7118,-0.696,-1.71,0.00385,-0.00156,0.00156,-0.00385
16.7424,-0.818,-1.699,0.00356,-0.00272,0.00272,-0.00356
16.7744,-0.722,-1.709,0.00322,-0.00384,0.00384,-0.00322
16.8047,-0.663,-1.679,0.00286,-0.00491,0.00491,-0.00286
16.8353,-0.664,-1.78,0.00245,-0.00602,0.00602,-0.00245
16.8665,-0.528,-1.915,0.00192,-0.00712,0.00712,-0.00192
16.8971,-0.367,-1.927,0.00109,-0.00794,0.00794,-0.00109
16.9276,-0.209,-2.021,0.00023,-0.0088,0.0088,-0.00023
16.9595,-0.113,-1.999,-0.00062,-0.00966,0.00966,0.00062
16.9902,-0.039,-2.087,-0.00151,-0.01055,0.01055,0.00151
17.0206,0.092,-2.034,-0.00238,-0.01142,0.01142,0.00238
17.0516,0.186,-2.03,-0.00325,-0.01228,0.01228,0.00325
17.0848,0.255,-1.934,-0.00407,-0.01311,0.01311,0.00407
17.115,0.224,-1.882,-0.00487,-0.01391,0.01391,0.00487
17.146,0.214,-1.827,-0.00565,-0.01469,0.01469,0.00565
17.1764,0.257,-1.886,-0.00646,-0.01549,0.01549,0.00646
17.2066,0.211,-1.88,-0.00726,-0.0163,0.0163,0.00726
17.2376,0.131,-1.805,-0.00803,-0.01707,0.01707,0.00803
17.2679,0.062,-1.649,-0.00873,-0.01777,0.01777,0.00873
17.2985,-0.082,-1.539,-0.00939,-0.01843,0.01843,0.00939
17.3298,-0.206,-1.585,-0.01007,-0.0191,0.0191,0.01007
17.3627,-0.458,-1.614,-0.01076,-0.01979,0.01979,0.01076
17.3928,-0.558,-1.587,-0.01114,-0.02077,0.02077,0.01114
17.4256,-0.67,-1.624,-0.01147,-0.02182,0.02182,0.01147
17.456,-0.718,-1.485,-0.01172,-0.02283,0.02283,0.01172
17.4861,-0.624,-1.433,-0.012,-0.02378,0.02378,0.012
17.5182,-0.616,-1.304,-0.01223,-0.02466,0.02466,0.01223
17.5512,-0.704,-1.359,-0.01243,-0.02562,0.02562,0.01243
17.5815,-0.573,-1.378,-0.01272,-0.02651,0.02651,0.01272
17.6144,-0.449,-1.274,-0.01326,-0.02705,0.02705,0.01326
17.6444,-0.276,-1.2,-0.01377,-0.02757,0.02757,0.01377
17.6747,-0.185,-1.044,-0.01422,-0.02801,0.02801,0.01422
17.7078,-0.021,-1.084,-0.01468,-0.02847,0.02847,0.01468
17.738,0.179,-1.053,-0.01513,-0.02892,0.02892,0.01513
17.7685,0.299,-0.995,-0.01555,-0.02935,0.02935,0.01555
17.7988,0.339,-0.886,-0.01593,-0.02973,0.02973,0.01593
17.8287,0.435,-0.7,-0.01623,-0.03002,0.03002,0.01623
17.8587,0.568,-0.69,-0.01683,-0.03002,0.03002,0.01683
17.8915,0.683,-0.665,-0.01747,-0.02994,0.02994,0.01747
17.9218,0.726,-0.654,-0.01814,-0.02983,0.02983,0.01814
17.9526,0.683,-0.648,-0.01878,-0.02974,0.02974,0.01878
17.9855,0.665,-0.651,-0.01941,-0.02966,0.02966,0.01941
18.0158,0.623,-0.625,-0.02001,-0.0296,0.0296,0.02001
18.0461,0.572,-0.567,-0.02056,-0.02953,0.02953,0.02056
18.0788,0.454,-0.56,-0.0208,-0.02977,0.02977,0.0208
18.1092,0.318,-0.528,-0.02102,-0.03,0.03,0.02102
18.1396,0.23,-0.585,-0.02127,-0.03025,0.03025,0.02127
18.1709,0.15,-0.563,-0.02151,-0.03049,0.03049,0.02151
18.2035,-0.007,-0.459,-0.02151,-0.03049,0.03049,0.02151
18.234,-0.119,-0.427,-0.02151,-0.03049,0.03049,0.02151
18.2667,-0.045,-0.447,-0.02151,-0.03049,0.03049,0.02151
18.2967,-0.046,-0.466,-0.02151,-0.03049,0.03049,0.02151
18.3274,-0.061,-0.498,-0.02151,-0.03049,0.03049,0.02151
18.3593,-0.026,-0.526,-0.02174,-0.03071,0.03071,0.02174
18.3896,0.101,-0.583,-0.02199,-0.03096,0.03096,0.02199
18.4209,0.23,-0.568,-0.02223,-0.0312,0.0312,0.02223
18.4543,0.346,-0.575,-0.02247,-0.03145,0.03145,0.02247
18.4845,0.474,-0.492,-0.02247,-0.03145,0.03145,0.02247
18.5156,0.588,-0.393,-0.02279,-0.03114,0.03114,0.02279
18.546,0.679,-0.346,-0.02315,-0.03077,0.03077,0.02315
18.576,0.783,-0.338,-0.02357,-0.03036,0.03036,0.02357
18.6073,0.882,-0.253,-0.02404,-0.02989,0.02989,0.02404
18.639,0.962,-0.159,-0.02455,-0.02937,0.02937,0.02455
18.669,1.087,-0.084,-0.02513,-0.02879,0.02879,0.02513
18.7005,1.127,-0.012,-0.02573,-0.02819,0.02819,0.02573
18.7315,1.131,0.071,-0.02634,-0.02759,0.02759,0.02634
18.7617,1.11,0.148,-0.02693,-0.027,0.027,0.02693
18.7924,1.13,0.175,-0.02753,-0.02639,0.02639,0.02753
18.8225,1.131,0.129,-0.02813,-0.02579,0.02579,0.02813
18.8552,1.141,0.148,-0.02874,-0.02518,0.02518,0.02874
18.8869,1.012,0.161,-0.02928,-0.02464,0.02464,0.02928
18.917,0.899,0.201,-0.02976,-0.02416,0.02416,0.02976
18.9497,0.79,0.152,-0.03018,-0.02374,0.02374,0.03018
18.9811,0.643,0.123,-0.03053,-0.0234,0.0234,0.03053
19.0111,0.452,0.074,-0.03053,-0.0234,0.0234,0.03053
19.0414,0.231,0.137,-0.03053,-0.0234,0.0234,0.03053
19.072,0.17,0.239,-0.03053,-0.0234,0.0234,0.03053
19.1029,0.069,0.256,-0.03053,-0.0234,0.0234,0.03053
19.133,-0.112,0.307,-0.03053,-0.0234,0.0234,0.03053
19.1636,-0.287,0.345,-0.03053,-0.0234,0.0234,0.03053
19.1956,-0.326,0.306,-0.03053,-0.0234,0.0234,0.03053
19.2255,-0.288,0.243,-0.03053,-0.0234,0.0234,0.03053
19.2563,-0.267,0.159,-0.03053,-0.0234,0.0234,0.03053
19.2864,-0.269,0.103,-0.03053,-0.0234,0.0234,0.03053
19.32,-0.298,-0.003,-0.03053,-0.0234,0.0234,0.03053
19.3525,-0.276,-0.14,-0.03053,-0.0234,0.0234,0.03053
19.3825,-0.243,-0.233,-0.03053,-0.0234,0.0234,0.03053
19.4127,-0.248,-0.249,-0.03053,-0.0234,0.0234,0.03053
19.4449,-0.273,-0.268,-0.03053,-0.0234,0.0234,0.03053
19.475,-0.308,-0.292,-0.03053,-0.0234,0.0234,0.03053
19.505,-0.321,-0.301,-0.03053,-0.0234,0.0234,0.03053
19.5366,-0.358,-0.317,-0.03053,-0.0234,0.0234,0.03053
19.5679,-0.425,-0.318,-0.03053,-0.0234,0.0234,0.03053
19.598,-0.491,-0.289,-0.03053,-0.0234,0.0234,0.03053
19.6295,-0.566,-0.277,-0.03022,-0.0237,0.0237,0.03022
19.6605,-0.638,-0.265,-0.02988,-0.02404,0.02404,0.02988
19.6911,-0.725,-0.253,-0.0295,-0.02443,0.02443,0.0295
19.7225,-0.748,-0.23,-0.0291,-0.02483,0.02483,0.0291
19.7527,-0.671,-0.189,-0.02874,-0.02518,0.02518,0.02874
19.7829,-0.657,-0.119,-0.02839,-0.02553,0.02553,0.02839
19.8136,-0.733,-0.058,-0.028,-0.02593,0.02593,0.028
19.8437,-0.81,0.033,-0.02757,-0.02636,0.02636,0.02757
19.8738,-0.786,0.121,-0.02715,-0.02678,0.02678,0.02715
19.9043,-0.671,0.248,-0.02679,-0.02713,0.02713,0.02679
19.937,-0.6,0.428,-0.02647,-0.02745,0.02745,0.02647
19.9671,-0.629,0.597,-0.02588,-0.02753,0.02753,0.02588
19.9975,-0.601,0.752,-0.02524,-0.02753,0.02753,0.02524
20.0304,-0.456,0.905,-0.02485,-0.02715,0.02715,0.02485
20.0605,-0.407,1.094,-0.02438,-0.02668,0.02668,0.02438
20.0909,-0.422,1.297,-0.02383,-0.02613,0.02613,0.02383
20.1239,-0.313,1.462,-0.02321,-0.0255,0.0255,0.02321
20.1541,-0.161,1.584,-0.02253,-0.02483,0.02483,0.02253
20.1849,-0.064,1.624,-0.02184,-0.02414,0.02414,0.02184
20.2149,-0.043,1.767,-0.02108,-0.02338,0.02338,0.02108
20.2449,0.043,1.927,-0.02026,-0.02256,0.02256,0.02026
20.2752,0.18,2.009,-0.01941,-0.0217,0.0217,0.01941
20.3087,0.249,1.981,-0.01856,-0.02086,0.02086,0.01856
20.3389,0.193,1.908,-0.01775,-0.02004,0.02004,0.01775
20.3699,0.182,2.008,-0.01689,-0.01919,0.01919,0.01689
20.4002,0.221,2.214,-0.01594,-0.01824,0.01824,0.01594
20.4306,0.236,2.307,-0.01496,-0.01726,0.01726,0.01496
20.4607,0.097,2.251,-0.014,-0.0163,0.0163,0.014
20.4935,0.035,2.15,-0.01308,-0.01538,0.01538,0.01308
20.5237,0.04,2.164,-0.01216,-0.01446,0.01446,0.01216
20.5542,0.005,2.266,-0.01119,-0.01349,0.01349,0.01119
20.5869,-0.081,2.16,-0.01027,-0.01257,0.01257,0.01027
20.6169,-0.166,1.975,-0.00943,-0.01173,0.01173,0.00943
20.648,-0.192,1.938,-0.0086,-0.0109,0.0109,0.0086
20.6809,-0.119,1.893,-0.00779,-0.01009,0.01009,0.00779
20.7112,-0.094,1.757,-0.00704,-0.00934,0.00934,0.00704
20.7424,-0.135,1.655,-0.00634,-0.00864,0.00864,0.00634
20.7727,-0.141,1.714,-0.00561,-0.0079,0.0079,0.00561
20.8032,-0.18,1.867,-0.00481,-0.00711,0.00711,0.00481
20.8344,-0.227,1.689,-0.00409,-0.00639,0.00639,0.00409
20.8647,-0.232,1.506,-0.00345,-0.00574,0.00574,0.00345
20.8951,-0.28,1.373,-0.00286,-0.00516,0.00516,0.00286
20.9253,-0.378,1.526,-0.00221,-0.00451,0.00451,0.00221
20.9581,-0.398,1.611,-0.00152,-0.00382,0.00382,0.00152
20.9882,-0.36,1.613,-0.00083,-0.00313,0.00313,0.00083
21.0185,-0.409,1.554,-0.00017,-0.00247,0.00247,0.00017
21.0512,-0.473,1.486,0.00046,-0.00183,0.00183,-0.00046
21.0813,-0.465,1.543,0.00112,-0.00118,0.00118,-0.00112
21.1122,-0.426,1.419,0.00173,-0.00057,0.00057,-0.00173
21.1449,-0.404,1.432,0.00234,4e-05,-4e-05,-0.00234
21.1749,-0.369,1.552,0.003,0.0007,-0.0007,-0.003
21.2054,-0.18,1.654,0.0037,0.00141,-0.00141,-0.0037
21.2358,-0.148,1.695,0.00443,0.00213,-0.00213,-0.00443
21.2658,-0.113,1.663,0.00514,0.00284,-0.00284,-0.00514
21.2958,-0.014,1.723,0.00587,0.00358,-0.00358,-0.00587
21.3287,0.085,1.766,0.00663,0.00433,-0.00433,-0.00663
21.3586,0.196,1.726,0.00736,0.00507,-0.00507,-0.00736
21.3885,0.207,1.634,0.00806,0.00576,-0.00576,-0.00806
21.4198,0.257,1.501,0.0087,0.0064,-0.0064,-0.0087
21.4499,0.276,1.327,0.00927,0.00697,-0.00697,-0.00927
21.48,0.352,1.038,0.00971,0.00741,-0.00741,-0.00971
21.5107,0.355,0.868,0.01008,0.00778,-0.00778,-0.01008
21.5434,0.354,0.613,0.01034,0.00804,-0.00804,-0.01034
21.5733,0.335,0.36,0.01034,0.00804,-0.00804,-0.01034
21.6054,0.299,0.178,0.01034,0.00804,-0.00804,-0.01034
21.6355,0.191,0.092,0.01034,0.00804,-0.00804,-0.01034
21.6654,0.053,0.025,0.01034,0.00804,-0.00804,-0.01034
21.6981,-0.059,-0.04,0.01034,0.00804,-0.00804,-0.01034
21.7286,-0.133,-0.131,0.01034,0.00804,-0.00804,-0.01034
21.7588,-0.18,-0.201,0.01034,0.00804,-0.00804,-0.01034
21.7897,-0.219,-0.251,0.01034,0.00804,-0.00804,-0.01034
21.8207,-0.27,-0.302,0.01034,0.00804,-0.00804,-0.01034
21.8508,-0.333,-0.347,0.01034,0.00804,-0.00804,-0.01034
21.8828,-0.386,-0.396,0.01034,0.00804,-0.00804,-0.01034
21.9132,-0.418,-0.458,0.01034,0.00804,-0.00804,-0.01034
21.9435,-0.433,-0.537,0.01011,0.00782,-0.00782,-0.01011
21.9751,-0.46,-0.619,0.00985,0.00755,-0.00755,-0.00985
22.0052,-0.511,-0.713,0.00982,0.00697,-0.00697,-0.00982
22.0356,-0.594,-0.783,0.0098,0.00632,-0.00632,-0.0098
22.0665,-0.651,-0.783,0.00981,0.00564,-0.00564,-0.00981
22.0996,-0.685,-0.849,0.00982,0.00491,-0.00491,-0.00982
22.13,-0.696,-0.86,0.00982,0.00418,-0.00418,-0.00982
22.1625,-0.714,-0.943,0.0098,0.00339,-0.00339,-0.0098
22.193,-0.694,-0.865,0.0098,0.00265,-0.00265,-0.0098
22.2232,-0.686,-0.796,0.00982,0.00195,-0.00195,-0.00982
22.2539,-0.616,-0.792,0.00982,0.00128,-0.00128,-0.00982
22.2847,-0.61,-0.76,0.00982,0.00063,-0.00063,-0.00982
22.3147,-0.514,-0.632,0.00982,9e-05,-9e-05,-0.00982
22.3467,-0.357,-0.614,0.00956,-0.00017,0.00017,-0.00956
22.3767,-0.177,-0.501,0.00934,-0.00039,0.00039,-0.00934
22.4073,0.025,-0.288,0.00934,-0.00039,0.00039,-0.00934
22.439,0.166,-0.138,0.00934,-0.00039,0.00039,-0.00934
22.4709,0.328,-0.112,0.00934,-0.00039,0.00039,-0.00934
22.5011,0.432,-0.102,0.00934,-0.00039,0.00039,-0.00934
22.5331,0.524,-0.061,0.00907,-0.00011,0.00011,-0.00907
22.5631,0.605,0.001,0.00874,0.00021,-0.00021,-0.00874
22.5931,0.662,0.072,0.00839,0.00057,-0.00057,-0.00839
22.6236,0.703,0.084,0.00801,0.00094,-0.00094,-0.00801
22.6567,0.689,0.068,0.00765,0.00131,-0.00131,-0.00765
22.6869,0.693,0.109,0.00728,0.00168,-0.00168,-0.00728
22.7179,0.649,0.143,0.00693,0.00203,-0.00203,-0.00693
22.7482,0.546,0.155,0.00664,0.00232,-0.00232,-0.00664
22.7781,0.453,0.259,0.00664,0.00232,-0.00232,-0.00664
22.8088,0.37,0.274,0.00664,0.00232,-0.00232,-0.00664
22.8389,0.27,0.345,0.00664,0.00232,-0.00232,-0.00664
22.8689,0.172,0.343,0.00664,0.00232,-0.00232,-0.00664
22.8991,0.102,0.348,0.00664,0.00232,-0.00232,-0.00664
22.9318,0.044,0.361,0.00664,0.00232,-0.00232,-0.00664
22.9618,-0.007,0.384,0.00664,0.00232,-0.00232,-0.00664
22.9921,-0.047,0.364,0.00664,0.00232,-0.00232,-0.00664
23.0251,-0.091,0.364,0.00664,0.00232,-0.00232,-0.00664
23.0556,-0.166,0.371,0.00664,0.00232,-0.00232,-0.00664
23.0864,-0.24,0.386,0.00664,0.00232,-0.00232,-0.00664
23.1196,-0.302,0.398,0.00664,0.00232,-0.00232,-0.00664
23.1505,-0.341,0.424,0.00664,0.00232,-0.00232,-0.00664
23.1816,-0.372,0.449,0.00664,0.00232,-0.00232,-0.00664
23.2119,-0.402,0.449,0.00664,0.00232,-0.00232,-0.00664
23.2422,-0.433,0.45,0.00664,0.00232,-0.00232,-0.00664
23.2733,-0.449,0.434,0.00664,0.00232,-0.00232,-0.00664
23.3063,-0.457,0.41,0.00664,0.00232,-0.00232,-0.00664
23.3369,-0.45,0.383,0.00664,0.00232,-0.00232,-0.00664
23.3676,-0.438,0.368,0.00664,0.00232,-0.00232,-0.00664
23.4006,-0.429,0.346,0.00664,0.00232,-0.00232,-0.00664
23.431,-0.437,0.323,0.00664,0.00232,-0.00232,-0.00664
23.462,-0.451,0.307,0.00664,0.00232,-0.00232,-0.00664
23.4929,-0.473,0.309,0.00664,0.00232,-0.00232,-0.00664
23.5233,-0.512,0.305,0.00691,0.00204,-0.00204,-0.00691
23.5543,-0.569,0.306,0.00722,0.00174,-0.00174,-0.00722
23.5846,-0.629,0.31,0.00755,0.00141,-0.00141,-0.00755
23.6149,-0.677,0.317,0.00791,0.00104,-0.00104,-0.00791
23.6458,-0.742,0.327,0.00831,0.00065,-0.00065,-0.00831
23.6789,-0.74,0.335,0.0087,0.00025,-0.00025,-0.0087
23.7092,-0.722,0.318,0.00909,-0.00013,0.00013,-0.00909
23.7425,-0.772,0.319,0.0095,-0.00054,0.00054,-0.0095
23.7728,-0.788,0.396,0.00992,-0.00096,0.00096,-0.00992
23.8032,-0.775,0.316,0.01033,-0.00138,0.00138,-0.01033
23.8344,-0.716,0.357,0.01072,-0.00176,0.00176,-0.01072
23.8675,-0.729,0.344,0.0111,-0.00215,0.00215,-0.0111
23.8984,-0.73,0.44,0.01149,-0.00254,0.00254,-0.01149
23.9314,-0.654,0.438,0.01184,-0.00289,0.00289,-0.01184
23.9619,-0.556,0.37,0.01214,-0.00318,0.00318,-0.01214
23.9928,-0.416,0.401,0.01214,-0.00318,0.00318,-0.01214
24.0232,-0.249,0.396,0.01214,-0.00318,0.00318,-0.01214
24.0537,-0.107,0.359,0.01214,-0.00318,0.00318,-0.01214
24.0847,0.052,0.295,0.01214,-0.00318,0.00318,-0.01214
24.1154,0.177,0.222,0.01214,-0.00318,0.00318,-0.01214
24.1485,0.28,0.176,0.01214,-0.00318,0.00318,-0.01214
24.1794,0.377,0.156,0.01214,-0.00318,0.00318,-0.01214
24.2096,0.425,0.141,0.01214,-0.00318,0.00318,-0.01214
24.24,0.415,0.144,0.01214,-0.00318,0.00318,-0.01214
24.2709,0.383,0.154,0.01214,-0.00318,0.00318,-0.01214
24.3039,0.349,0.157,0.01214,-0.00318,0.00318,-0.01214
24.3342,0.313,0.159,0.01214,-0.00318,0.00318,-0.01214
24.365,0.28,0.162,0.01214,-0.00318,0.00318,-0.01214
24.3955,0.262,0.162,0.01214,-0.00318,0.00318,-0.01214
24.4263,0.261,0.164,0.01214,-0.00318,0.00318,-0.01214
24.4574,0.276,0.17,0.01214,-0.00318,0.00318,-0.01214
24.4883,0.312,0.175,0.01214,-0.00318,0.00318,-0.01214
24.5215,0.35,0.179,0.01214,-0.00318,0.00318,-0.01214
24.5545,0.38,0.177,0.01214,-0.00318,0.00318,-0.01214
24.5853,0.413,0.162,0.01214,-0.00318,0.00318,-0.01214
24.6155,0.434,0.142,0.01214,-0.00318,0.00318,-0.01214
24.6464,0.448,0.122,0.01214,-0.00318,0.00318,-0.01214
24.6772,0.461,0.11,0.01214,-0.00318,0.00318,-0.01214
24.7077,0.468,0.109,0.01214,-0.00318,0.00318,-0.01214
24.7388,0.449,0.109,0.01214,-0.00318,0.00318,-0.01214
24.7691,0.413,0.115,0.01214,-0.00318,0.00318,-0.01214
24.802,0.377,0.132,0.01214,-0.00318,0.00318,-0.01214
24.8342,0.35,0.143,0.01214,-0.00318,0.00318,-0.01214
24.8645,0.331,0.136,0.01214,-0.00318,0.00318,-0.01214
24.8948,0.331,0.122,0.01214,-0.00318,0.00318,-0.01214
24.9277,0.361,0.109,0.01214,-0.00318,0.00318,-0.01214
24.9581,0.4,0.101,0.01214,-0.00318,0.00318,-0.01214
24.9884,0.434,0.093,0.01214,-0.00318,0.00318,-0.01214
25.0194,0.453,0.092,0.01214,-0.00318,0.00318,-0.01214
25.0498,0.457,0.085,0.01214,-0.00318,0.00318,-0.01214
25.0799,0.444,0.082,0.01214,-0.00318,0.00318,-0.01214
25.1108,0.419,0.078,0.01214,-0.00318,0.00318,-0.01214
25.1413,0.399,0.068,0.01214,-0.00318,0.00318,-0.01214
25.1718,0.387,0.059,0.01214,-0.00318,0.00318,-0.01214
25.2043,0.383,0.051,0.01214,-0.00318,0.00318,-0.01214
25.2345,0.384,0.04,0.01214,-0.00318,0.00318,-0.01214
25.2647,0.383,0.03,0.01214,-0.00318,0.00318,-0.01214
25.2956,0.372,0.024,0.01214,-0.00318,0.00318,-0.01214
25.3262,0.368,0.014,0.01214,-0.00318,0.00318,-0.01214
25.3568,0.374,0.008,0.01214,-0.00318,0.00318,-0.01214
25.3878,0.38,-0.004,0.01214,-0.00318,0.00318,-0.01214
25.4185,0.384,-0.012,0.01214,-0.00318,0.00318,-0.01214
25.4491,0.39,-0.025,0.01214,-0.00318,0.00318,-0.01214
25.4807,0.397,-0.032,0.01214,-0.00318,0.00318,-0.01214
25.5109,0.401,-0.042,0.01214,-0.00318,0.00318,-0.01214
25.5412,0.386,-0.056,0.01214,-0.00318,0.00318,-0.01214
25.572,0.359,-0.069,0.01214,-0.00318,0.00318,-0.01214
25.6048,0.34,-0.082,0.01214,-0.00318,0.00318,-0.01214
25.6352,0.327,-0.089,0.01214,-0.00318,0.00318,-0.01214
25.666,0.312,-0.095,0.01214,-0.00318,0.00318,-0.01214
25.6962,0.302,-0.102,0.01214,-0.00318,0.00318,-0.01214
25.7263,0.3,-0.118,0.01214,-0.00318,0.00318,-0.01214
25.7572,0.305,-0.134,0.01214,-0.00318,0.00318,-0.01214
25.7875,0.307,-0.15,0.01214,-0.00318,0.00318,-0.01214
25.8176,0.309,-0.156,0.01214,-0.00318,0.00318,-0.01214
25.8486,0.306,-0.153,0.01214,-0.00318,0.00318,-0.01214
25.8818,0.3,-0.148,0.01214,-0.00318,0.00318,-0.01214
25.9122,0.297,-0.145,0.01214,-0.00318,0.00318,-0.01214
25.9429,0.3,-0.147,0.01214,-0.00318,0.00318,-0.01214
25.9758,0.312,-0.147,0.01214,-0.00318,0.00318,-0.01214
26.0058,0.317,-0.146,0.01214,-0.00318,0.00318,-0.01214
26.0366,0.327,-0.146,0.01214,-0.00318,0.00318,-0.01214
26.0667,0.344,-0.153,0.01214,-0.00318,0.00318,-0.01214
26.0998,0.366,-0.151,0.01214,-0.00318,0.00318,-0.01214
26.1309,0.379,-0.149,0.01214,-0.00318,0.00318,-0.01214
26.1612,0.388,-0.143,0.01214,-0.00318,0.00318,-0.01214
26.1916,0.394,-0.142,0.01214,-0.00318,0.00318,-0.01214
26.2224,0.398,-0.142,0.01214,-0.00318,0.00318,-0.01214
26.2526,0.401,-0.141,0.01214,-0.00318,0.00318,-0.01214
26.2828,0.4,-0.136,0.01214,-0.00318,0.00318,-0.01214
26.3135,0.396,-0.134,0.01214,-0.00318,0.00318,-0.01214
26.3464,0.385,-0.129,0.01214,-0.00318,0.00318,-0.01214
26.3766,0.377,-0.123,0.01214,-0.00318,0.00318,-0.01214
26.4074,0.375,-0.123,0.01214,-0.00318,0.00318,-0.01214
26.4406,0.367,-0.127,0.01214,-0.00318,0.00318,-0.01214
26.4708,0.366,-0.128,0.01214,-0.00318,0.00318,-0.01214
26.5018,0.366,-0.127,0.01214,-0.00318,0.00318,-0.01214
26.5321,0.377,-0.127,0.01214,-0.00318,0.00318,-0.01214
26.5629,0.39,-0.131,0.01214,-0.00318,0.00318,-0.01214
26.5942,0.39,-0.135,0.01214,-0.00318,0.00318,-0.01214
26.6244,0.391,-0.15,0.01214,-0.00318,0.00318,-0.01214
26.655,0.393,-0.15,0.01214,-0.00318,0.00318,-0.01214
26.6864,0.391,-0.152,0.01214,-0.00318,0.00318,-0.01214
26.7196,0.382,-0.15,0.01214,-0.00318,0.00318,-0.01214
26.7501,0.381,-0.141,0.01214,-0.00318,0.00318,-0.01214
26.782,0.382,-0.133,0.01214,-0.00318,0.00318,-0.01214
26.8131,0.378,-0.128,0.01214,-0.00318,0.00318,-0.01214
26.8434,0.41,-0.123,0.01214,-0.00318,0.00318,-0.01214
26.8753,0.403,-0.123,0.01214,-0.00318,0.00318,-0.01214
26.9054,0.407,-0.119,0.01214,-0.00318,0.00318,-0.01214
26.9358,0.449,-0.121,0.01214,-0.00318,0.00318,-0.01214
26.9663,0.453,-0.121,0.01214,-0.00318,0.00318,-0.01214
26.999,0.457,-0.126,0.01214,-0.00318,0.00318,-0.01214
27.0295,0.455,-0.123,0.01214,-0.00318,0.00318,-0.01214
27.063,0.453,-0.119,0.01214,-0.00318,0.00318,-0.01214
27.0937,0.451,-0.113,0.01214,-0.00318,0.00318,-0.01214
27.1243,0.44,-0.115,0.01214,-0.00318,0.00318,-0.01214
27.1552,0.434,-0.122,0.01214,-0.00318,0.00318,-0.01214
27.1879,0.438,-0.128,0.01214,-0.00318,0.00318,-0.01214
27.2182,0.446,-0.134,0.01214,-0.00318,0.00318,-0.01214
27.2509,0.452,-0.139,0.01214,-0.00318,0.00318,-0.01214
27.2809,0.454,-0.139,0.01214,-0.00318,0.00318,-0.01214
27.3114,0.45,-0.142,0.01214,-0.00318,0.00318,-0.01214
27.3444,0.441,-0.131,0.01214,-0.00318,0.00318,-0.01214
27.3745,0.435,-0.121,0.01214,-0.00318,0.00318,-0.01214
27.405,0.434,-0.121,0.01214,-0.00318,0.00318,-0.01214
27.436,0.437,-0.13,0.01214,-0.00318,0.00318,-0.01214
27.4687,0.45,-0.141,0.01214,-0.00318,0.00318,-0.01214
27.4992,0.466,-0.137,0.01214,-0.00318,0.00318,-0.01214
27.5322,0.469,-0.132,0.01214,-0.00318,0.00318,-0.01214
27.5622,0.458,-0.127,0.01214,-0.00318,0.00318,-0.01214
27.5937,0.441,-0.125,0.01214,-0.00318,0.00318,-0.01214
27.6238,0.423,-0.123,0.01214,-0.00318,0.00318,-0.01214
27.6539,0.41,-0.122,0.01214,-0.00318,0.00318,-0.01214
27.6846,0.409,-0.129,0.01214,-0.00318,0.00318,-0.01214
27.7148,0.406,-0.131,0.01214,-0.00318,0.00318,-0.01214
27.7452,0.397,-0.138,0.01214,-0.00318,0.00318,-0.01214
27.7755,0.394,-0.139,0.01214,-0.00318,0.00318,-0.01214
27.8083,0.39,-0.137,0.01214,-0.00318,0.00318,-0.01214
27.8384,0.389,-0.133,0.01214,-0.00318,0.00318,-0.01214
27.8688,0.388,-0.133,0.01214,-0.00318,0.00318,-0.01214
27.9015,0.389,-0.136,0.01214,-0.00318,0.00318,-0.01214
27.9316,0.391,-0.136,0.01214,-0.00318,0.00318,-0.01214
27.9618,0.389,-0.138,0.01214,-0.00318,0.00318,-0.01214
27.9945,0.385,-0.136,0.01214,-0.00318,0.00318,-0.01214
28.0247,0.378,-0.131,0.01214,-0.00318,0.00318,-0.01214
28.0552,0.365,-0.125,0.01214,-0.00318,0.00318,-0.01214
28.0868,0.359,-0.114,0.01214,-0.00318,0.00318,-0.01214
28.1244,0.355,-0.107,0.01214,-0.00318,0.00318,-0.01214
28.1582,0.357,-0.095,0.01214,-0.00318,0.00318,-0.01214
28.1916,0.361,-0.078,0.01214,-0.00318,0.00318,-0.01214
28.2251,0.373,-0.065,0.01214,-0.00318,0.00318,-0.01214
28.2591,0.388,-0.061,0.01214,-0.00318,0.00318,-0.01214
28.2925,0.401,-0.057,0.01214,-0.00318,0.00318,-0.01214
28.3259,0.417,-0.057,0.01214,-0.00318,0.00318,-0.01214
28.3593,0.422,-0.051,0.01214,-0.00318,0.00318,-0.01214
28.3928,0.42,-0.052,0.01214,-0.00318,0.00318,-0.01214
28.4262,0.415,-0.042,0.01214,-0.00318,0.00318,-0.01214
28.4597,0.405,-0.028,0.01214,-0.00318,0.00318,-0.01214
28.4932,0.396,-0.018,0.01214,-0.00318,0.00318,-0.01214
28.5268,0.391,-0.013,0.01214,-0.00318,0.00318,-0.01214
28.5603,0.389,-0.011,0.01214,-0.00318,0.00318,-0.01214
30.8941,0.403,-0.009,0.01214,-0.00318,0.00318,-0.01214
30.9281,0.412,-0.006,0.01214,-0.00318,0.00318,-0.01214
30.9617,0.41,-0.009,0.01214,-0.00318,0.00318,-0.01214
30.9953,0.402,-0.011,0.01214,-0.00318,0.00318,-0.01214
31.0287,0.393,-0.008,0.01214,-0.00318,0.00318,-0.01214
31.0619,0.391,-0.005,0.01214,-0.00318,0.00318,-0.01214
31.0953,0.38,-0.0,0.01214,-0.00318,0.00318,-0.01214
31.1288,0.371,-0.006,0.01214,-0.00318,0.00318,-0.01214
31.1621,0.366,-0.01,0.01214,-0.00318,0.00318,-0.01214
31.1955,0.362,-0.011,0.01214,-0.00318,0.00318,-0.01214
31.2289,0.361,-0.011,0.01214,-0.00318,0.00318,-0.01214
31.2622,0.352,-0.0,0.01214,-0.00318,0.00318,-0.01214
31.2957,0.34,0.004,0.01214,-0.00318,0.00318,-0.01214
31.3289,0.336,0.004,0.01214,-0.00318,0.00318,-0.01214
31.3625,0.348,-0.011,0.01214,-0.00318,0.00318,-0.01214
31.3958,0.361,-0.021,0.01214,-0.00318,0.00318,-0.01214
31.43,0.37,-0.029,0.01214,-0.00318,0.00318,-0.01214
31.4637,0.371,-0.038,0.01214,-0.00318,0.00318,-0.01214
31.4974,0.36,-0.042,0.01214,-0.00318,0.00318,-0.01214
31.5311,0.346,-0.038,0.01214,-0.00318,0.00318,-0.01214
31.5644,0.333,-0.036,0.01214,-0.00318,0.00318,-0.01214
31.5979,0.323,-0.04,0.01214,-0.00318,0.00318,-0.01214
31.6314,0.321,-0.043,0.01214,-0.00318,0.00318,-0.01214
31.6649,0.322,-0.053,0.01214,-0.00318,0.00318,-0.01214
31.6984,0.32,-0.056,0.01214,-0.00318,0.00318,-0.01214
31.7319,0.321,-0.062,0.01214,-0.00318,0.00318,-0.01214
31.7651,0.32,-0.065,0.01214,-0.00318,0.00318,-0.01214
31.7986,0.313,-0.069,0.01214,-0.00318,0.00318,-0.01214
31.8317,0.312,-0.072,0.01214,-0.00318,0.00318,-0.01214
31.865,0.306,-0.076,0.01214,-0.00318,0.00318,-0.01214
31.8985,0.296,-0.082,0.01214,-0.00318,0.00318,-0.01214
31.9322,0.287,-0.086,0.01214,-0.00318,0.00318,-0.01214
31.9654,0.276,-0.091,0.01214,-0.00318,0.00318,-0.01214
31.9988,0.263,-0.101,0.01214,-0.00318,0.00318,-0.01214
32.0324,0.251,-0.107,0.01214,-0.00318,0.00318,-0.01214
32.0656,0.245,-0.103,0.01214,-0.00318,0.00318,-0.01214
32.0991,0.245,-0.105,0.01214,-0.00318,0.00318,-0.01214
32.1325,0.251,-0.111,0.01214,-0.00318,0.00318,-0.01214
32.1658,0.266,-0.118,0.01214,-0.00318,0.00318,-0.01214
32.1991,0.278,-0.123,0.01214,-0.00318,0.00318,-0.01214
32.2325,0.286,-0.121,0.01214,-0.00318,0.00318,-0.01214
32.2661,0.285,-0.124,0.01214,-0.00318,0.00318,-0.01214
32.2995,0.273,-0.119,0.01214,-0.00318,0.00318,-0.01214
32.3329,0.259,-0.113,0.01214,-0.00318,0.00318,-0.01214
32.3661,0.241,-0.106,0.01214,-0.00318,0.00318,-0.01214
32.3996,0.228,-0.106,0.01214,-0.00318,0.00318,-0.01214
32.4331,0.232,-0.107,0.01214,-0.00318,0.00318,-0.01214
32.4666,0.237,-0.109,0.01214,-0.00318,0.00318,-0.01214
32.5,0.244,-0.111,0.01214,-0.00318,0.00318,-0.01214
32.5335,0.249,-0.113,0.01214,-0.00318,0.00318,-0.01214
32.5669,0.251,-0.119,0.01214,-0.00318,0.00318,-0.01214
32.6004,0.254,-0.121,0.01214,-0.00318,0.00318,-0.01214
32.6339,0.257,-0.123,0.01214,-0.00318,0.00318,-0.01214
32.6673,0.252,-0.124,0.01214,-0.00318,0.00318,-0.01214
32.7005,0.244,-0.124,0.01214,-0.00318,0.00318,-0.01214
32.7339,0.235,-0.123,0.01214,-0.00318,0.00318,-0.01214
32.7671,0.224,-0.126,0.01214,-0.00318,0.00318,-0.01214
32.8004,0.216,-0.132,0.01214,-0.00318,0.00318,-0.01214
32.8338,0.217,-0.132,0.01214,-0.00318,0.00318,-0.01214
32.8674,0.219,-0.141,0.01214,-0.00318,0.00318,-0.01214
32.9007,0.221,-0.141,0.01214,-0.00318,0.00318,-0.01214
32.9341,0.22,-0.132,0.01214,-0.00318,0.00318,-0.01214
32.9676,0.217,-0.135,0.01214,-0.00318,0.00318,-0.01214
33.0009,0.217,-0.133,0.01214,-0.00318,0.00318,-0.01214
33.0345,0.22,-0.143,0.01214,-0.00318,0.00318,-0.01214
33.0679,0.23,-0.149,0.01214,-0.00318,0.00318,-0.01214
33.1013,0.229,-0.148,0.01214,-0.00318,0.00318,-0.01214
33.1348,0.22,-0.149,0.01214,-0.00318,0.00318,-0.01214
33.1682,0.208,-0.147,0.01214,-0.00318,0.00318,-0.01214
33.2015,0.196,-0.146,0.01214,-0.00318,0.00318,-0.01214
33.2348,0.192,-0.142,0.01214,-0.00318,0.00318,-0.01214
33.268,0.191,-0.147,0.01214,-0.00318,0.00318,-0.01214
33.3014,0.19,-0.151,0.01214,-0.00318,0.00318,-0.01214
33.3346,0.197,-0.154,0.01214,-0.00318,0.00318,-0.01214
33.3679,0.201,-0.154,0.01214,-0.00318,0.00318,-0.01214
33.4013,0.2,-0.155,0.01214,-0.00318,0.00318,-0.01214
33.4348,0.196,-0.151,0.01214,-0.00318,0.00318,-0.01214
33.4681,0.191,-0.147,0.01214,-0.00318,0.00318,-0.01214
33.5015,0.192,-0.148,0.01214,-0.00318,0.00318,-0.01214
33.5348,0.189,-0.149,0.01214,-0.00318,0.00318,-0.01214
33.5682,0.18,-0.15,0.01214,-0.00318,0.00318,-0.01214
33.6016,0.178,-0.144,0.01214,-0.00318,0.00318,-0.01214
33.6351,0.179,-0.137,0.01214,-0.00318,0.00318,-0.01214
33.6687,0.174,-0.13,0.01214,-0.00318,0.00318,-0.01214
33.7027,0.175,-0.124,0.01214,-0.00318,0.00318,-0.01214
