t,roll,pitch,roll_rate,pitch_rate,FL_x,FL_y,FL_z,FR_x,FR_y,FR_z,RL_x,RL_y,RL_z,RR_x,RR_y,RR_z
0.000,0.00,0.00,0.00,0.00,0.0207,0.0800,-0.1700,-0.0239,-0.0800,-0.1700,-0.0170,0.0800,-0.1700,0.0292,-0.0800,-0.1700
0.034,0.00,0.00,-19.49,0.02,0.0177,0.0800,-0.1700,-0.0283,-0.0800,-0.1700,-0.0201,0.0800,-0.1700,0.0249,-0.0800,-0.1700
0.064,-0.35,0.00,-23.37,15.39,0.0149,0.0800,-0.1699,-0.0264,-0.0800,-0.1642,-0.0188,0.0800,-0.1639,0.0210,-0.0800,-0.1701
0.094,-0.65,0.58,-25.73,19.15,0.0122,0.0800,-0.1707,-0.0223,-0.0800,-0.1586,-0.0158,0.0800,-0.1561,0.0172,-0.0800,-0.1693
0.124,-1.16,0.41,-34.34,-23.64,0.0095,0.0800,-0.1702,-0.0178,-0.0800,-0.1531,-0.0126,0.0800,-0.1508,0.0134,-0.0800,-0.1698
0.154,-1.61,0.29,1.14,-17.54,0.0068,0.0800,-0.1698,-0.0129,-0.0800,-0.1490,-0.0091,0.0800,-0.1468,0.0095,-0.0800,-0.1702
0.184,-1.84,0.20,17.84,8.16,0.0040,0.0800,-0.1696,-0.0078,-0.0800,-0.1463,-0.0055,0.0800,-0.1442,0.0057,-0.0800,-0.1704
0.215,-2.11,0.14,-6.25,1.22,0.0013,0.0800,-0.1694,-0.0025,-0.0800,-0.1450,-0.0018,0.0800,-0.1428,0.0018,-0.0800,-0.1706
0.245,-2.33,0.10,2.97,-11.49,-0.0014,0.0800,-0.1692,0.0028,-0.0800,-0.1450,0.0020,0.0800,-0.1428,-0.0020,-0.0800,-0.1708
0.275,-2.51,0.07,4.43,-6.02,-0.0041,0.0800,-0.1691,0.0080,-0.0800,-0.1464,0.0057,0.0800,-0.1442,-0.0058,-0.0800,-0.1709
0.305,-2.65,-0.26,11.53,-5.00,-0.0069,0.0800,-0.1685,0.0130,-0.0800,-0.1487,0.0092,0.0800,-0.1474,-0.0097,-0.0800,-0.1715
0.335,-2.61,-0.56,24.32,-2.70,-0.0096,0.0800,-0.1680,0.0179,-0.0800,-0.1522,0.0127,0.0800,-0.1519,-0.0135,-0.0800,-0.1720
0.365,-2.51,-0.76,7.97,5.00,-0.0123,0.0800,-0.1677,0.0224,-0.0800,-0.1573,0.0159,0.0800,-0.1577,-0.0173,-0.0800,-0.1723
0.395,-2.37,-1.07,9.43,-14.28,-0.0150,0.0800,-0.1673,0.0265,-0.0800,-0.1635,0.0188,0.0800,-0.1650,-0.0211,-0.0800,-0.1727
0.425,-2.08,-1.09,9.34,26.39,-0.0177,0.0800,-0.1674,0.0282,-0.0800,-0.1691,0.0200,0.0800,-0.1709,-0.0250,-0.0800,-0.1726
0.455,-1.45,-0.76,-7.38,29.93,-0.0204,0.0800,-0.1682,0.0244,-0.0800,-0.1693,0.0173,0.0800,-0.1707,-0.0288,-0.0800,-0.1718
0.485,-1.55,-0.53,-49.24,33.29,-0.0184,0.0800,-0.1615,0.0205,-0.0800,-0.1698,0.0145,0.0800,-0.1702,-0.0259,-0.0800,-0.1645
0.516,-1.78,0.05,-17.61,13.42,-0.0153,0.0800,-0.1558,0.0166,-0.0800,-0.1708,0.0118,0.0800,-0.1692,-0.0216,-0.0800,-0.1571
0.546,-2.19,0.04,-11.40,-27.80,-0.0121,0.0800,-0.1504,0.0128,-0.0800,-0.1710,0.0091,0.0800,-0.1690,-0.0170,-0.0800,-0.1521
0.576,-2.74,0.02,-6.19,-18.85,-0.0086,0.0800,-0.1463,0.0090,-0.0800,-0.1712,0.0064,0.0800,-0.1688,-0.0121,-0.0800,-0.1485
0.606,-3.22,0.39,-4.31,-12.98,-0.0050,0.0800,-0.1443,0.0051,-0.0800,-0.1720,0.0036,0.0800,-0.1680,-0.0070,-0.0800,-0.1456
0.636,-3.46,0.28,9.51,-26.46,-0.0013,0.0800,-0.1429,0.0013,-0.0800,-0.1719,0.0009,0.0800,-0.1681,-0.0018,-0.0800,-0.1448
0.666,-3.76,0.19,-26.11,-21.86,0.0024,0.0800,-0.1428,-0.0025,-0.0800,-0.1718,-0.0018,0.0800,-0.1682,0.0035,-0.0800,-0.1453
0.695,-4.07,0.14,-24.47,-44.93,0.0061,0.0800,-0.1442,-0.0063,-0.0800,-0.1719,-0.0045,0.0800,-0.1681,0.0086,-0.0800,-0.1470
0.727,-4.35,-0.39,-18.96,-20.79,0.0099,0.0800,-0.1462,-0.0103,-0.0800,-0.1711,-0.0073,0.0800,-0.1689,0.0139,-0.0800,-0.1510
0.758,-4.54,-0.87,-14.43,-14.13,0.0134,0.0800,-0.1499,-0.0143,-0.0800,-0.1704,-0.0102,0.0800,-0.1696,0.0189,-0.0800,-0.1564
0.789,-4.68,-1.44,-20.83,-15.49,0.0166,0.0800,-0.1547,-0.0182,-0.0800,-0.1696,-0.0129,0.0800,-0.1704,0.0235,-0.0800,-0.1633
0.819,-4.78,-1.97,-4.83,-5.00,0.0195,0.0800,-0.1610,-0.0221,-0.0800,-0.1687,-0.0157,0.0800,-0.1713,0.0275,-0.0800,-0.1713
0.850,-4.84,-2.31,7.40,8.50,0.0193,0.0800,-0.1642,-0.0260,-0.0800,-0.1682,-0.0185,0.0800,-0.1718,0.0272,-0.0800,-0.1758
0.880,-4.89,-2.57,12.64,2.75,0.0165,0.0800,-0.1638,-0.0286,-0.0800,-0.1664,-0.0203,0.0800,-0.1708,0.0233,-0.0800,-0.1762
0.911,-4.92,-2.79,12.82,7.17,0.0137,0.0800,-0.1634,-0.0247,-0.0800,-0.1584,-0.0175,0.0800,-0.1634,0.0193,-0.0800,-0.1766
0.941,-4.95,-2.91,3.78,16.02,0.0110,0.0800,-0.1632,-0.0203,-0.0800,-0.1520,-0.0144,0.0800,-0.1575,0.0155,-0.0800,-0.1768
0.972,-4.96,-3.00,18.00,6.03,0.0082,0.0800,-0.1631,-0.0154,-0.0800,-0.1470,-0.0109,0.0800,-0.1527,0.0115,-0.0800,-0.1769
1.003,-4.90,-2.94,35.13,24.48,0.0054,0.0800,-0.1632,-0.0104,-0.0800,-0.1436,-0.0074,0.0800,-0.1492,0.0076,-0.0800,-0.1768
1.033,-4.60,-2.51,39.43,50.01,0.0027,0.0800,-0.1640,-0.0052,-0.0800,-0.1422,-0.0037,0.0800,-0.1466,0.0038,-0.0800,-0.1760
1.063,-4.33,-1.76,8.35,42.99,-0.0000,0.0800,-0.1654,0.0001,-0.0800,-0.1426,0.0001,0.0800,-0.1449,-0.0001,-0.0800,-0.1746
1.093,-4.04,-1.23,13.45,-10.82,-0.0028,0.0800,-0.1663,0.0054,-0.0800,-0.1441,0.0038,0.0800,-0.1448,-0.0039,-0.0800,-0.1737
1.123,-3.74,-0.86,20.49,-31.62,-0.0055,0.0800,-0.1671,0.0106,-0.0800,-0.1466,0.0075,0.0800,-0.1464,-0.0078,-0.0800,-0.1729
1.153,-3.18,-1.12,53.60,-40.84,-0.0082,0.0800,-0.1669,0.0155,-0.0800,-0.1494,0.0110,0.0800,-0.1505,-0.0116,-0.0800,-0.1731
1.184,-2.64,-1.30,12.79,-9.29,-0.0110,0.0800,-0.1668,0.0203,-0.0800,-0.1536,0.0144,0.0800,-0.1557,-0.0154,-0.0800,-0.1732
1.214,-2.28,-1.39,-1.82,-2.66,-0.0137,0.0800,-0.1668,0.0246,-0.0800,-0.1595,0.0175,0.0800,-0.1622,-0.0193,-0.0800,-0.1732
1.244,-1.60,-1.44,18.85,6.11,-0.0164,0.0800,-0.1670,0.0285,-0.0800,-0.1666,0.0202,0.0800,-0.1701,-0.0232,-0.0800,-0.1730
1.274,-1.12,-1.44,19.51,4.48,-0.0192,0.0800,-0.1672,0.0262,-0.0800,-0.1681,0.0186,0.0800,-0.1719,-0.0270,-0.0800,-0.1728
1.304,-0.78,-1.31,-28.80,14.79,-0.0197,0.0800,-0.1641,0.0223,-0.0800,-0.1682,0.0158,0.0800,-0.1718,-0.0277,-0.0800,-0.1691
1.334,-0.91,-0.92,-55.96,18.38,-0.0169,0.0800,-0.1576,0.0185,-0.0800,-0.1689,0.0131,0.0800,-0.1711,-0.0238,-0.0800,-0.1613
1.364,-1.43,-0.64,-49.75,16.74,-0.0137,0.0800,-0.1520,0.0147,-0.0800,-0.1695,0.0104,0.0800,-0.1705,-0.0193,-0.0800,-0.1553
1.394,-1.75,-0.45,9.66,-19.16,-0.0103,0.0800,-0.1477,0.0108,-0.0800,-0.1700,0.0077,0.0800,-0.1700,-0.0146,-0.0800,-0.1506
1.424,-2.10,-0.31,-12.49,-0.71,-0.0067,0.0800,-0.1446,0.0070,-0.0800,-0.1703,0.0050,0.0800,-0.1697,-0.0095,-0.0800,-0.1474
1.454,-2.47,-0.22,-10.44,-18.20,-0.0031,0.0800,-0.1428,0.0032,-0.0800,-0.1706,0.0022,0.0800,-0.1694,-0.0043,-0.0800,-0.1456
1.484,-2.77,-0.15,-9.44,-25.49,0.0007,0.0800,-0.1424,-0.0007,-0.0800,-0.1709,-0.0005,0.0800,-0.1691,0.0009,-0.0800,-0.1452
1.515,-3.18,-0.55,-38.84,-36.58,0.0044,0.0800,-0.1425,-0.0045,-0.0800,-0.1704,-0.0032,0.0800,-0.1696,0.0062,-0.0800,-0.1469
1.545,-3.65,-1.01,-30.65,-27.76,0.0080,0.0800,-0.1438,-0.0084,-0.0800,-0.1698,-0.0059,0.0800,-0.1702,0.0113,-0.0800,-0.1501
1.575,-4.03,-1.62,-10.48,-20.87,0.0115,0.0800,-0.1463,-0.0122,-0.0800,-0.1690,-0.0086,0.0800,-0.1710,0.0163,-0.0800,-0.1548
1.605,-4.32,-2.18,-10.65,-9.99,0.0148,0.0800,-0.1502,-0.0160,-0.0800,-0.1682,-0.0114,0.0800,-0.1718,0.0209,-0.0800,-0.1608
1.635,-4.52,-2.63,-20.60,-8.05,0.0179,0.0800,-0.1557,-0.0199,-0.0800,-0.1676,-0.0141,0.0800,-0.1724,0.0252,-0.0800,-0.1680
1.665,-4.67,-3.04,-5.56,-3.33,0.0206,0.0800,-0.1626,-0.0237,-0.0800,-0.1669,-0.0168,0.0800,-0.1731,0.0290,-0.0800,-0.1764
1.695,-4.77,-3.39,-5.55,-9.86,0.0182,0.0800,-0.1625,-0.0275,-0.0800,-0.1664,-0.0195,0.0800,-0.1736,0.0256,-0.0800,-0.1775
1.725,-4.84,-3.63,-13.44,2.36,0.0155,0.0800,-0.1621,-0.0272,-0.0800,-0.1616,-0.0193,0.0800,-0.1695,0.0218,-0.0800,-0.1779
1.755,-4.89,-3.85,-2.52,-0.96,0.0127,0.0800,-0.1617,-0.0231,-0.0800,-0.1542,-0.0164,0.0800,-0.1628,0.0179,-0.0800,-0.1783
1.785,-4.92,-4.03,24.75,3.76,0.0100,0.0800,-0.1614,-0.0186,-0.0800,-0.1483,-0.0132,0.0800,-0.1574,0.0141,-0.0800,-0.1786
1.815,-4.94,-4.01,44.80,19.22,0.0073,0.0800,-0.1614,-0.0138,-0.0800,-0.1440,-0.0098,0.0800,-0.1531,0.0103,-0.0800,-0.1786
1.845,-4.90,-3.81,39.20,33.77,0.0046,0.0800,-0.1618,-0.0088,-0.0800,-0.1414,-0.0062,0.0800,-0.1499,0.0064,-0.0800,-0.1782
1.875,-4.69,-3.27,27.73,52.54,0.0018,0.0800,-0.1627,-0.0036,-0.0800,-0.1406,-0.0025,0.0800,-0.1475,0.0026,-0.0800,-0.1773
1.906,-4.40,-2.29,19.51,32.53,-0.0009,0.0800,-0.1645,0.0018,-0.0800,-0.1419,0.0012,0.0800,-0.1458,-0.0013,-0.0800,-0.1755
1.936,-4.04,-1.60,28.53,-15.81,-0.0036,0.0800,-0.1657,0.0070,-0.0800,-0.1440,0.0050,0.0800,-0.1459,-0.0051,-0.0800,-0.1743
1.966,-3.54,-1.63,42.95,-31.26,-0.0063,0.0800,-0.1659,0.0121,-0.0800,-0.1462,0.0086,0.0800,-0.1486,-0.0089,-0.0800,-0.1741
1.996,-2.82,-1.77,48.01,-27.87,-0.0091,0.0800,-0.1660,0.0171,-0.0800,-0.1496,0.0121,0.0800,-0.1530,-0.0128,-0.0800,-0.1740
2.026,-1.97,-1.86,7.43,-6.94,-0.0118,0.0800,-0.1662,0.0217,-0.0800,-0.1542,0.0154,0.0800,-0.1587,-0.0167,-0.0800,-0.1738
2.056,-1.38,-1.80,11.66,6.76,-0.0145,0.0800,-0.1665,0.0259,-0.0800,-0.1606,0.0184,0.0800,-0.1654,-0.0205,-0.0800,-0.1735
2.086,-0.97,-1.74,23.02,-0.65,-0.0173,0.0800,-0.1668,0.0289,-0.0800,-0.1676,0.0205,0.0800,-0.1724,-0.0243,-0.0800,-0.1732
2.116,-0.25,-1.61,4.86,8.82,-0.0200,0.0800,-0.1673,0.0250,-0.0800,-0.1675,0.0177,0.0800,-0.1725,-0.0282,-0.0800,-0.1727
2.146,-0.18,-1.13,-39.18,18.09,-0.0189,0.0800,-0.1624,0.0212,-0.0800,-0.1682,0.0150,0.0800,-0.1718,-0.0266,-0.0800,-0.1663
2.176,-0.43,-0.79,-72.19,13.21,-0.0159,0.0800,-0.1561,0.0174,-0.0800,-0.1689,0.0123,0.0800,-0.1711,-0.0225,-0.0800,-0.1590
2.206,-0.81,-0.55,-16.22,24.84,-0.0127,0.0800,-0.1509,0.0135,-0.0800,-0.1694,0.0096,0.0800,-0.1706,-0.0180,-0.0800,-0.1534
2.236,-1.25,-0.39,-12.38,-34.16,-0.0093,0.0800,-0.1469,0.0097,-0.0800,-0.1699,0.0069,0.0800,-0.1701,-0.0131,-0.0800,-0.1492
2.266,-1.55,-0.27,1.72,-6.92,-0.0057,0.0800,-0.1443,0.0059,-0.0800,-0.1702,0.0042,0.0800,-0.1698,-0.0080,-0.0800,-0.1464
2.296,-1.93,-0.19,-17.91,-16.65,-0.0020,0.0800,-0.1428,0.0020,-0.0800,-0.1705,0.0015,0.0800,-0.1695,-0.0028,-0.0800,-0.1450
2.326,-2.41,-0.44,-27.58,-38.81,0.0017,0.0800,-0.1422,-0.0018,-0.0800,-0.1703,-0.0013,0.0800,-0.1697,0.0024,-0.0800,-0.1456
2.357,-2.91,-1.02,-37.75,-46.66,0.0055,0.0800,-0.1424,-0.0057,-0.0800,-0.1695,-0.0040,0.0800,-0.1705,0.0078,-0.0800,-0.1481
2.387,-3.40,-1.63,-29.38,-20.27,0.0091,0.0800,-0.1439,-0.0095,-0.0800,-0.1687,-0.0068,0.0800,-0.1713,0.0129,-0.0800,-0.1520
2.417,-3.87,-2.26,-14.15,-17.38,0.0126,0.0800,-0.1467,-0.0134,-0.0800,-0.1679,-0.0095,0.0800,-0.1721,0.0177,-0.0800,-0.1572
2.447,-4.21,-2.71,-3.51,-0.45,0.0158,0.0800,-0.1511,-0.0172,-0.0800,-0.1673,-0.0122,0.0800,-0.1727,0.0223,-0.0800,-0.1634
2.477,-4.45,-3.05,-8.84,-3.29,0.0187,0.0800,-0.1572,-0.0210,-0.0800,-0.1668,-0.0149,0.0800,-0.1732,0.0264,-0.0800,-0.1708
2.507,-4.61,-3.35,-4.01,-2.36,0.0201,0.0800,-0.1626,-0.0248,-0.0800,-0.1664,-0.0176,0.0800,-0.1736,0.0283,-0.0800,-0.1774
2.537,-4.73,-3.56,-9.48,1.65,0.0174,0.0800,-0.1623,-0.0287,-0.0800,-0.1661,-0.0204,0.0800,-0.1739,0.0245,-0.0800,-0.1777
2.567,-4.81,-3.75,10.52,-0.99,0.0146,0.0800,-0.1619,-0.0260,-0.0800,-0.1591,-0.0185,0.0800,-0.1674,0.0206,-0.0800,-0.1781
2.597,-4.87,-3.99,12.55,-1.21,0.0119,0.0800,-0.1615,-0.0218,-0.0800,-0.1522,-0.0155,0.0800,-0.1612,0.0168,-0.0800,-0.1785
2.627,-4.91,-4.07,21.01,16.55,0.0092,0.0800,-0.1614,-0.0173,-0.0800,-0.1468,-0.0122,0.0800,-0.1561,0.0130,-0.0800,-0.1786
2.657,-4.86,-3.99,39.57,18.08,0.0065,0.0800,-0.1615,-0.0124,-0.0800,-0.1431,-0.0088,0.0800,-0.1521,0.0092,-0.0800,-0.1785
2.687,-4.47,-3.70,49.62,39.75,0.0038,0.0800,-0.1621,-0.0073,-0.0800,-0.1408,-0.0052,0.0800,-0.1493,0.0053,-0.0800,-0.1779
2.717,-3.91,-3.01,42.18,56.65,0.0011,0.0800,-0.1635,-0.0021,-0.0800,-0.1405,-0.0015,0.0800,-0.1472,0.0015,-0.0800,-0.1765
2.748,-3.40,-2.11,19.74,16.34,-0.0017,0.0800,-0.1652,0.0032,-0.0800,-0.1419,0.0023,0.0800,-0.1461,-0.0023,-0.0800,-0.1748
2.778,-2.83,-1.48,31.62,-26.15,-0.0044,0.0800,-0.1664,0.0084,-0.0800,-0.1442,0.0060,0.0800,-0.1468,-0.0062,-0.0800,-0.1736
2.808,-1.98,-1.55,44.35,-44.57,-0.0071,0.0800,-0.1667,0.0135,-0.0800,-0.1466,0.0096,0.0800,-0.1501,-0.0100,-0.0800,-0.1733
2.838,-1.39,-1.65,15.39,-22.95,-0.0098,0.0800,-0.1667,0.0184,-0.0800,-0.1504,0.0130,0.0800,-0.1547,-0.0139,-0.0800,-0.1733
2.868,-0.97,-1.71,9.85,-9.89,-0.0126,0.0800,-0.1668,0.0229,-0.0800,-0.1558,0.0162,0.0800,-0.1605,-0.0177,-0.0800,-0.1732
2.898,-0.26,-1.68,28.62,3.44,-0.0153,0.0800,-0.1672,0.0270,-0.0800,-0.1624,0.0191,0.0800,-0.1677,-0.0216,-0.0800,-0.1728
2.928,0.54,-1.64,17.24,5.38,-0.0180,0.0800,-0.1675,0.0277,-0.0800,-0.1671,0.0197,0.0800,-0.1729,-0.0254,-0.0800,-0.1725
2.958,0.99,-1.61,-28.22,6.03,-0.0207,0.0800,-0.1678,0.0239,-0.0800,-0.1670,0.0170,0.0800,-0.1730,-0.0292,-0.0800,-0.1722
2.988,0.69,-1.49,-67.45,17.65,-0.0181,0.0800,-0.1601,0.0201,-0.0800,-0.1673,0.0143,0.0800,-0.1727,-0.0255,-0.0800,-0.1644
3.018,-0.06,-1.05,-61.82,31.01,-0.0151,0.0800,-0.1542,0.0163,-0.0800,-0.1683,0.0115,0.0800,-0.1717,-0.0212,-0.0800,-0.1576
3.048,-0.40,-0.73,30.30,8.60,-0.0118,0.0800,-0.1495,0.0125,-0.0800,-0.1690,0.0088,0.0800,-0.1710,-0.0166,-0.0800,-0.1522
3.078,-0.79,-0.51,-14.15,-20.13,-0.0083,0.0800,-0.1460,0.0086,-0.0800,-0.1695,0.0061,0.0800,-0.1705,-0.0117,-0.0800,-0.1483
3.108,-1.11,-0.36,-9.15,-2.37,-0.0047,0.0800,-0.1438,0.0048,-0.0800,-0.1699,0.0034,0.0800,-0.1701,-0.0066,-0.0800,-0.1458
3.138,-1.27,-0.25,7.84,-15.98,-0.0010,0.0800,-0.1429,0.0010,-0.0800,-0.1701,0.0007,0.0800,-0.1699,-0.0014,-0.0800,-0.1447
3.168,-1.59,-0.18,-36.78,-26.34,0.0028,0.0800,-0.1432,-0.0028,-0.0800,-0.1704,-0.0020,0.0800,-0.1696,0.0039,-0.0800,-0.1451
3.198,-2.08,-0.61,-39.99,-39.71,0.0064,0.0800,-0.1439,-0.0066,-0.0800,-0.1698,-0.0047,0.0800,-0.1702,0.0091,-0.0800,-0.1476
3.228,-2.65,-1.10,-37.04,-24.73,0.0100,0.0800,-0.1459,-0.0105,-0.0800,-0.1693,-0.0074,0.0800,-0.1707,0.0141,-0.0800,-0.1516
3.258,-3.15,-1.63,-13.12,-16.84,0.0134,0.0800,-0.1491,-0.0143,-0.0800,-0.1686,-0.0101,0.0800,-0.1714,0.0189,-0.0800,-0.1570
3.288,-3.70,-2.29,-24.45,-23.41,0.0165,0.0800,-0.1535,-0.0181,-0.0800,-0.1678,-0.0128,0.0800,-0.1722,0.0233,-0.0800,-0.1640
3.318,-4.09,-2.84,-20.99,-4.58,0.0194,0.0800,-0.1595,-0.0219,-0.0800,-0.1670,-0.0156,0.0800,-0.1730,0.0274,-0.0800,-0.1721
3.348,-4.36,-3.32,-5.87,-13.52,0.0194,0.0800,-0.1628,-0.0258,-0.0800,-0.1664,-0.0183,0.0800,-0.1736,0.0274,-0.0800,-0.1772
3.378,-4.56,-3.59,-4.77,-1.51,0.0167,0.0800,-0.1623,-0.0289,-0.0800,-0.1653,-0.0205,0.0800,-0.1733,0.0236,-0.0800,-0.1777
3.408,-4.69,-3.70,19.20,15.34,0.0140,0.0800,-0.1621,-0.0251,-0.0800,-0.1575,-0.0178,0.0800,-0.1658,0.0198,-0.0800,-0.1779
3.438,-4.78,-3.69,22.81,13.22,0.0113,0.0800,-0.1620,-0.0208,-0.0800,-0.1513,-0.0148,0.0800,-0.1595,0.0159,-0.0800,-0.1780
3.468,-4.85,-3.64,30.01,9.27,0.0086,0.0800,-0.1621,-0.0162,-0.0800,-0.1465,-0.0115,0.0800,-0.1544,0.0121,-0.0800,-0.1779
3.498,-4.75,-3.60,38.98,10.35,0.0059,0.0800,-0.1622,-0.0112,-0.0800,-0.1429,-0.0080,0.0800,-0.1508,0.0083,-0.0800,-0.1778
3.528,-4.39,-3.44,37.74,35.13,0.0032,0.0800,-0.1626,-0.0061,-0.0800,-0.1408,-0.0043,0.0800,-0.1485,0.0045,-0.0800,-0.1774
3.558,-3.91,-2.80,39.11,56.93,0.0004,0.0800,-0.1638,-0.0008,-0.0800,-0.1408,-0.0006,0.0800,-0.1467,0.0006,-0.0800,-0.1762
3.588,-3.43,-1.96,24.37,4.92,-0.0023,0.0800,-0.1654,0.0045,-0.0800,-0.1424,0.0032,0.0800,-0.1460,-0.0033,-0.0800,-0.1746
3.618,-2.93,-1.88,29.02,-37.71,-0.0050,0.0800,-0.1657,0.0097,-0.0800,-0.1442,0.0069,0.0800,-0.1479,-0.0071,-0.0800,-0.1743
3.648,-2.37,-2.18,36.24,-45.15,-0.0078,0.0800,-0.1655,0.0147,-0.0800,-0.1466,0.0104,0.0800,-0.1518,-0.0109,-0.0800,-0.1745
3.678,-1.66,-2.38,9.07,-3.76,-0.0105,0.0800,-0.1654,0.0194,-0.0800,-0.1505,0.0138,0.0800,-0.1570,-0.0148,-0.0800,-0.1746
3.708,-1.16,-2.23,27.56,19.93,-0.0132,0.0800,-0.1659,0.0239,-0.0800,-0.1564,0.0169,0.0800,-0.1628,-0.0186,-0.0800,-0.1741
3.738,-0.31,-2.03,37.16,2.56,-0.0159,0.0800,-0.1666,0.0278,-0.0800,-0.1636,0.0197,0.0800,-0.1700,-0.0224,-0.0800,-0.1734
3.768,0.56,-1.89,7.85,0.29,-0.0186,0.0800,-0.1671,0.0269,-0.0800,-0.1667,0.0191,0.0800,-0.1733,-0.0263,-0.0800,-0.1729
3.798,1.02,-1.32,-39.38,24.17,-0.0202,0.0800,-0.1665,0.0231,-0.0800,-0.1674,0.0164,0.0800,-0.1726,-0.0285,-0.0800,-0.1700
3.829,0.71,-0.93,-85.34,31.90,-0.0174,0.0800,-0.1594,0.0192,-0.0800,-0.1682,0.0136,0.0800,-0.1718,-0.0245,-0.0800,-0.1619
3.859,0.09,-0.65,-47.32,18.47,-0.0143,0.0800,-0.1536,0.0154,-0.0800,-0.1689,0.0109,0.0800,-0.1711,-0.0202,-0.0800,-0.1556
3.889,-0.53,-0.45,-9.01,-48.27,-0.0110,0.0800,-0.1489,0.0115,-0.0800,-0.1695,0.0082,0.0800,-0.1705,-0.0155,-0.0800,-0.1508
3.919,-1.15,-0.32,-15.31,-7.58,-0.0074,0.0800,-0.1455,0.0077,-0.0800,-0.1699,0.0055,0.0800,-0.1701,-0.0105,-0.0800,-0.1475
3.949,-1.77,-0.22,-15.26,-23.42,-0.0038,0.0800,-0.1434,0.0039,-0.0800,-0.1704,0.0027,0.0800,-0.1696,-0.0053,-0.0800,-0.1455
3.979,-2.32,-0.62,-13.02,-34.17,-0.0000,0.0800,-0.1418,0.0000,-0.0800,-0.1699,0.0000,0.0800,-0.1701,-0.0000,-0.0800,-0.1457
4.009,-2.92,-0.96,-24.37,-8.32,0.0037,0.0800,-0.1416,-0.0038,-0.0800,-0.1696,-0.0027,0.0800,-0.1704,0.0052,-0.0800,-0.1472
4.039,-3.45,-1.40,-10.88,-17.69,0.0074,0.0800,-0.1427,-0.0076,-0.0800,-0.1691,-0.0054,0.0800,-0.1709,0.0104,-0.0800,-0.1501
4.069,-3.76,-1.89,7.16,-12.83,0.0109,0.0800,-0.1452,-0.0115,-0.0800,-0.1684,-0.0081,0.0800,-0.1716,0.0154,-0.0800,-0.1544
4.099,-4.00,-2.30,-4.21,-2.01,0.0143,0.0800,-0.1491,-0.0153,-0.0800,-0.1679,-0.0109,0.0800,-0.1721,0.0201,-0.0800,-0.1599
4.129,-4.26,-2.67,-11.93,-7.34,0.0174,0.0800,-0.1545,-0.0192,-0.0800,-0.1674,-0.0136,0.0800,-0.1726,0.0245,-0.0800,-0.1667
4.159,-4.40,-2.90,8.83,9.43,0.0201,0.0800,-0.1615,-0.0230,-0.0800,-0.1671,-0.0163,0.0800,-0.1729,0.0284,-0.0800,-0.1745
4.189,-4.43,-3.08,10.90,1.23,0.0187,0.0800,-0.1632,-0.0268,-0.0800,-0.1668,-0.0190,0.0800,-0.1732,0.0264,-0.0800,-0.1768
4.219,-4.51,-3.12,-1.64,10.68,0.0160,0.0800,-0.1631,-0.0279,-0.0800,-0.1638,-0.0198,0.0800,-0.1703,0.0225,-0.0800,-0.1769
4.249,-4.50,-3.18,15.42,8.58,0.0133,0.0800,-0.1630,-0.0240,-0.0800,-0.1564,-0.0170,0.0800,-0.1631,0.0187,-0.0800,-0.1770
4.279,-4.47,-3.39,2.20,0.57,0.0106,0.0800,-0.1626,-0.0196,-0.0800,-0.1502,-0.0139,0.0800,-0.1576,0.0149,-0.0800,-0.1774
4.309,-4.31,-3.26,19.39,33.06,0.0078,0.0800,-0.1629,-0.0149,-0.0800,-0.1458,-0.0105,0.0800,-0.1529,0.0111,-0.0800,-0.1771
4.339,-3.84,-2.92,49.42,32.58,0.0051,0.0800,-0.1637,-0.0098,-0.0800,-0.1429,-0.0070,0.0800,-0.1493,0.0072,-0.0800,-0.1763
4.369,-3.39,-2.04,21.36,48.78,0.0024,0.0800,-0.1653,-0.0046,-0.0800,-0.1423,-0.0033,0.0800,-0.1462,0.0034,-0.0800,-0.1747
4.399,-2.95,-1.43,12.06,-10.47,-0.0003,0.0800,-0.1665,0.0006,-0.0800,-0.1426,0.0004,0.0800,-0.1449,-0.0004,-0.0800,-0.1735
4.430,-2.62,-1.00,3.40,-41.48,-0.0031,0.0800,-0.1673,0.0059,-0.0800,-0.1440,0.0042,0.0800,-0.1452,-0.0043,-0.0800,-0.1727
4.460,-2.30,-1.31,32.49,-40.31,-0.0058,0.0800,-0.1669,0.0111,-0.0800,-0.1456,0.0079,0.0800,-0.1480,-0.0082,-0.0800,-0.1731
4.490,-1.61,-1.47,33.25,-9.27,-0.0085,0.0800,-0.1669,0.0161,-0.0800,-0.1486,0.0114,0.0800,-0.1521,-0.0120,-0.0800,-0.1731
4.520,-1.13,-1.70,-1.73,-18.12,-0.0112,0.0800,-0.1668,0.0207,-0.0800,-0.1529,0.0147,0.0800,-0.1576,-0.0158,-0.0800,-0.1732
4.550,-0.79,-1.89,24.49,3.61,-0.0140,0.0800,-0.1666,0.0250,-0.0800,-0.1588,0.0178,0.0800,-0.1643,-0.0197,-0.0800,-0.1734
4.580,-0.13,-2.05,36.37,-1.66,-0.0167,0.0800,-0.1666,0.0289,-0.0800,-0.1659,0.0205,0.0800,-0.1724,-0.0235,-0.0800,-0.1734
4.610,0.28,-2.11,-15.84,12.62,-0.0194,0.0800,-0.1667,0.0258,-0.0800,-0.1664,0.0183,0.0800,-0.1736,-0.0274,-0.0800,-0.1733
4.640,0.20,-2.02,-39.05,20.17,-0.0194,0.0800,-0.1627,0.0220,-0.0800,-0.1666,0.0156,0.0800,-0.1734,-0.0274,-0.0800,-0.1691
4.670,-0.22,-1.75,-54.80,22.13,-0.0166,0.0800,-0.1559,0.0182,-0.0800,-0.1672,0.0129,0.0800,-0.1728,-0.0234,-0.0800,-0.1618
4.700,-0.90,-1.23,-42.86,14.68,-0.0134,0.0800,-0.1508,0.0143,-0.0800,-0.1684,0.0102,0.0800,-0.1716,-0.0189,-0.0800,-0.1555
4.730,-1.38,-0.86,7.20,-3.56,-0.0100,0.0800,-0.1468,0.0105,-0.0800,-0.1692,0.0074,0.0800,-0.1708,-0.0141,-0.0800,-0.1508
4.760,-1.68,-0.60,4.66,-15.27,-0.0065,0.0800,-0.1441,0.0067,-0.0800,-0.1697,0.0047,0.0800,-0.1703,-0.0091,-0.0800,-0.1475
4.790,-1.92,-0.42,-10.61,-0.36,-0.0028,0.0800,-0.1426,0.0029,-0.0800,-0.1701,0.0020,0.0800,-0.1699,-0.0039,-0.0800,-0.1456
4.820,-2.15,-0.29,-13.73,-22.41,0.0010,0.0800,-0.1424,-0.0010,-0.0800,-0.1704,-0.0007,0.0800,-0.1696,0.0013,-0.0800,-0.1452
4.851,-2.45,-0.66,-19.05,-32.08,0.0048,0.0800,-0.1428,-0.0049,-0.0800,-0.1699,-0.0035,0.0800,-0.1701,0.0067,-0.0800,-0.1469
4.881,-2.94,-1.24,-27.51,-44.00,0.0084,0.0800,-0.1440,-0.0087,-0.0800,-0.1692,-0.0062,0.0800,-0.1708,0.0119,-0.0800,-0.1505
4.911,-3.51,-1.88,-21.07,-35.02,0.0119,0.0800,-0.1465,-0.0126,-0.0800,-0.1684,-0.0089,0.0800,-0.1716,0.0168,-0.0800,-0.1555
4.941,-3.95,-2.37,-7.01,-16.31,0.0152,0.0800,-0.1506,-0.0164,-0.0800,-0.1677,-0.0116,0.0800,-0.1723,0.0214,-0.0800,-0.1616
4.971,-4.27,-2.52,7.12,10.19,0.0182,0.0800,-0.1566,-0.0202,-0.0800,-0.1676,-0.0143,0.0800,-0.1724,0.0256,-0.0800,-0.1683
5.001,-4.38,-2.24,23.30,33.60,0.0207,0.0800,-0.1646,-0.0241,-0.0800,-0.1681,-0.0171,0.0800,-0.1719,0.0291,-0.0800,-0.1754
5.031,-4.19,-1.57,32.28,59.87,0.0179,0.0800,-0.1657,-0.0279,-0.0800,-0.1691,-0.0198,0.0800,-0.1709,0.0253,-0.0800,-0.1743
5.061,-3.80,-0.29,31.77,71.58,0.0152,0.0800,-0.1680,-0.0269,-0.0800,-0.1660,-0.0191,0.0800,-0.1638,0.0215,-0.0800,-0.1720
5.091,-3.24,1.27,30.49,76.03,0.0125,0.0800,-0.1707,-0.0228,-0.0800,-0.1614,-0.0162,0.0800,-0.1546,0.0177,-0.0800,-0.1693
5.121,-2.65,2.39,22.01,71.47,0.0098,0.0800,-0.1728,-0.0183,-0.0800,-0.1575,-0.0130,0.0800,-0.1475,0.0138,-0.0800,-0.1672
5.151,-1.85,3.17,16.38,58.99,0.0071,0.0800,-0.1744,-0.0135,-0.0800,-0.1543,-0.0096,0.0800,-0.1424,0.0100,-0.0800,-0.1656
5.181,-1.30,3.72,0.12,52.62,0.0044,0.0800,-0.1755,-0.0084,-0.0800,-0.1521,-0.0060,0.0800,-0.1389,0.0062,-0.0800,-0.1645
5.211,-0.91,4.10,-15.15,-1.71,0.0017,0.0800,-0.1763,-0.0032,-0.0800,-0.1511,-0.0023,0.0800,-0.1369,0.0023,-0.0800,-0.1637
5.241,-0.64,4.37,-24.73,-44.58,-0.0011,0.0800,-0.1769,0.0021,-0.0800,-0.1512,0.0015,0.0800,-0.1365,-0.0015,-0.0800,-0.1631
5.271,-0.81,4.56,-16.88,-53.92,-0.0038,0.0800,-0.1771,0.0073,-0.0800,-0.1528,0.0052,0.0800,-0.1373,-0.0053,-0.0800,-0.1629
5.301,-1.14,4.69,-19.66,-56.93,-0.0065,0.0800,-0.1772,0.0124,-0.0800,-0.1557,0.0088,0.0800,-0.1395,-0.0092,-0.0800,-0.1628
5.331,-1.42,4.26,-4.54,-52.22,-0.0092,0.0800,-0.1764,0.0172,-0.0800,-0.1590,0.0122,0.0800,-0.1439,-0.0130,-0.0800,-0.1636
5.361,-1.70,3.53,-4.29,-42.55,-0.0119,0.0800,-0.1751,0.0218,-0.0800,-0.1631,0.0155,0.0800,-0.1502,-0.0168,-0.0800,-0.1649
5.391,-1.89,2.47,3.37,-31.18,-0.0146,0.0800,-0.1733,0.0260,-0.0800,-0.1680,0.0184,0.0800,-0.1584,-0.0206,-0.0800,-0.1667
5.421,-1.97,1.73,8.27,-19.02,-0.0173,0.0800,-0.1720,0.0288,-0.0800,-0.1736,0.0204,0.0800,-0.1664,-0.0244,-0.0800,-0.1680
5.451,-1.87,1.21,17.09,-8.70,-0.0201,0.0800,-0.1712,0.0249,-0.0800,-0.1727,0.0177,0.0800,-0.1673,-0.0283,-0.0800,-0.1688
5.481,-1.31,0.85,21.88,-0.48,-0.0188,0.0800,-0.1650,0.0211,-0.0800,-0.1719,0.0150,0.0800,-0.1681,-0.0265,-0.0800,-0.1633
5.510,-0.92,0.59,17.80,-5.03,-0.0159,0.0800,-0.1580,0.0173,-0.0800,-0.1713,0.0123,0.0800,-0.1687,-0.0224,-0.0800,-0.1568
5.541,-0.64,0.42,-24.01,-15.99,-0.0126,0.0800,-0.1524,0.0134,-0.0800,-0.1709,0.0095,0.0800,-0.1691,-0.0178,-0.0800,-0.1516
5.570,-0.77,-0.04,-26.35,-4.38,-0.0092,0.0800,-0.1476,0.0096,-0.0800,-0.1703,0.0068,0.0800,-0.1697,-0.0130,-0.0800,-0.1484
5.600,-1.14,-0.35,-33.48,3.71,-0.0056,0.0800,-0.1442,0.0058,-0.0800,-0.1699,0.0041,0.0800,-0.1701,-0.0079,-0.0800,-0.1463
5.630,-1.57,-0.25,-14.36,11.64,-0.0019,0.0800,-0.1429,0.0020,-0.0800,-0.1702,0.0014,0.0800,-0.1698,-0.0027,-0.0800,-0.1450
5.660,-1.91,-0.17,-3.60,11.26,0.0018,0.0800,-0.1428,-0.0018,-0.0800,-0.1705,-0.0013,0.0800,-0.1695,0.0025,-0.0800,-0.1450
5.690,-2.07,-0.12,4.47,0.88,0.0055,0.0800,-0.1442,-0.0056,-0.0800,-0.1706,-0.0040,0.0800,-0.1694,0.0077,-0.0800,-0.1463
5.720,-2.21,-0.09,-6.65,-5.99,0.0091,0.0800,-0.1468,-0.0095,-0.0800,-0.1708,-0.0067,0.0800,-0.1692,0.0128,-0.0800,-0.1489
5.750,-2.45,-0.53,-18.56,-19.81,0.0125,0.0800,-0.1500,-0.0133,-0.0800,-0.1701,-0.0094,0.0800,-0.1699,0.0177,-0.0800,-0.1537
5.780,-2.71,-0.87,-13.33,-5.66,0.0158,0.0800,-0.1547,-0.0172,-0.0800,-0.1697,-0.0122,0.0800,-0.1703,0.0222,-0.0800,-0.1598
5.811,-2.95,-1.09,-9.21,-5.44,0.0188,0.0800,-0.1611,-0.0210,-0.0800,-0.1694,-0.0149,0.0800,-0.1706,0.0264,-0.0800,-0.1670
5.841,-3.09,-1.29,-4.51,-10.71,0.0200,0.0800,-0.1666,-0.0250,-0.0800,-0.1692,-0.0177,0.0800,-0.1708,0.0282,-0.0800,-0.1734
5.873,-3.31,-1.53,-15.10,-18.32,0.0171,0.0800,-0.1662,-0.0291,-0.0800,-0.1689,-0.0206,0.0800,-0.1711,0.0241,-0.0800,-0.1738
5.904,-3.63,-1.85,-16.09,-16.75,0.0144,0.0800,-0.1655,-0.0256,-0.0800,-0.1610,-0.0182,0.0800,-0.1641,0.0203,-0.0800,-0.1745
5.934,-4.01,-2.21,-9.85,-10.60,0.0116,0.0800,-0.1648,-0.0214,-0.0800,-0.1541,-0.0152,0.0800,-0.1580,0.0164,-0.0800,-0.1752
5.965,-4.31,-2.29,-9.18,24.86,0.0088,0.0800,-0.1645,-0.0165,-0.0800,-0.1488,-0.0117,0.0800,-0.1528,0.0124,-0.0800,-0.1755
5.996,-4.51,-2.07,13.11,34.21,0.0060,0.0800,-0.1648,-0.0115,-0.0800,-0.1455,-0.0082,0.0800,-0.1486,0.0085,-0.0800,-0.1752
6.026,-4.64,-1.45,32.08,32.38,0.0033,0.0800,-0.1657,-0.0064,-0.0800,-0.1443,-0.0045,0.0800,-0.1452,0.0047,-0.0800,-0.1743
6.056,-4.71,-1.02,3.61,12.22,0.0006,0.0800,-0.1664,-0.0011,-0.0800,-0.1440,-0.0008,0.0800,-0.1435,0.0008,-0.0800,-0.1736
6.086,-4.52,-0.71,25.85,-21.93,-0.0021,0.0800,-0.1670,0.0041,-0.0800,-0.1449,0.0029,0.0800,-0.1435,-0.0030,-0.0800,-0.1730
6.116,-4.15,-0.92,38.71,-36.63,-0.0049,0.0800,-0.1668,0.0094,-0.0800,-0.1461,0.0066,0.0800,-0.1457,-0.0069,-0.0800,-0.1732
6.146,-3.52,-1.40,56.54,-41.96,-0.0076,0.0800,-0.1663,0.0144,-0.0800,-0.1481,0.0102,0.0800,-0.1499,-0.0107,-0.0800,-0.1737
6.176,-2.84,-1.76,26.81,-7.81,-0.0103,0.0800,-0.1660,0.0192,-0.0800,-0.1517,0.0136,0.0800,-0.1551,-0.0145,-0.0800,-0.1740
6.206,-1.99,-1.91,28.14,8.48,-0.0130,0.0800,-0.1661,0.0236,-0.0800,-0.1569,0.0167,0.0800,-0.1615,-0.0184,-0.0800,-0.1739
6.236,-1.06,-1.89,33.27,13.27,-0.0157,0.0800,-0.1665,0.0276,-0.0800,-0.1636,0.0196,0.0800,-0.1690,-0.0222,-0.0800,-0.1735
6.266,-0.13,-1.75,7.41,12.37,-0.0184,0.0800,-0.1671,0.0272,-0.0800,-0.1672,0.0193,0.0800,-0.1728,-0.0260,-0.0800,-0.1729
6.296,0.27,-1.22,-49.27,20.52,-0.0204,0.0800,-0.1669,0.0234,-0.0800,-0.1679,0.0166,0.0800,-0.1721,-0.0287,-0.0800,-0.1706
6.327,-0.18,-0.86,-90.73,23.55,-0.0176,0.0800,-0.1596,0.0194,-0.0800,-0.1687,0.0138,0.0800,-0.1713,-0.0247,-0.0800,-0.1625
6.358,-1.12,-0.60,-64.80,30.70,-0.0144,0.0800,-0.1533,0.0155,-0.0800,-0.1695,0.0110,0.0800,-0.1705,-0.0203,-0.0800,-0.1562
6.388,-1.66,-0.73,21.40,-32.12,-0.0111,0.0800,-0.1481,0.0117,-0.0800,-0.1695,0.0083,0.0800,-0.1705,-0.0156,-0.0800,-0.1518
6.418,-2.18,-0.51,-8.60,-4.23,-0.0075,0.0800,-0.1448,0.0078,-0.0800,-0.1701,0.0055,0.0800,-0.1699,-0.0106,-0.0800,-0.1483
6.448,-2.80,-0.36,-23.54,-12.92,-0.0038,0.0800,-0.1427,0.0039,-0.0800,-0.1706,0.0028,0.0800,-0.1694,-0.0054,-0.0800,-0.1462
6.479,-3.22,-0.25,1.06,-26.27,-0.0001,0.0800,-0.1420,0.0001,-0.0800,-0.1709,0.0000,0.0800,-0.1691,-0.0001,-0.0800,-0.1455
6.509,-3.64,-0.59,-26.32,-29.87,0.0037,0.0800,-0.1420,-0.0038,-0.0800,-0.1705,-0.0027,0.0800,-0.1695,0.0052,-0.0800,-0.1469
6.540,-4.05,-0.99,-28.07,-26.74,0.0074,0.0800,-0.1432,-0.0077,-0.0800,-0.1700,-0.0055,0.0800,-0.1700,0.0105,-0.0800,-0.1498
6.571,-4.33,-1.57,-20.87,-21.07,0.0112,0.0800,-0.1457,-0.0118,-0.0800,-0.1692,-0.0083,0.0800,-0.1708,0.0157,-0.0800,-0.1544
6.601,-4.53,-2.03,5.46,-1.53,0.0145,0.0800,-0.1497,-0.0156,-0.0800,-0.1685,-0.0111,0.0800,-0.1715,0.0204,-0.0800,-0.1601
6.631,-4.67,-2.40,-9.24,-7.68,0.0176,0.0800,-0.1552,-0.0194,-0.0800,-0.1680,-0.0138,0.0800,-0.1720,0.0247,-0.0800,-0.1668
6.661,-4.77,-2.74,-6.95,-2.91,0.0203,0.0800,-0.1621,-0.0232,-0.0800,-0.1675,-0.0165,0.0800,-0.1725,0.0286,-0.0800,-0.1749
6.691,-4.84,-3.13,-17.25,-18.63,0.0185,0.0800,-0.1629,-0.0271,-0.0800,-0.1669,-0.0192,0.0800,-0.1731,0.0261,-0.0800,-0.1771
6.721,-4.89,-3.41,-2.78,3.64,0.0158,0.0800,-0.1624,-0.0277,-0.0800,-0.1629,-0.0196,0.0800,-0.1701,0.0223,-0.0800,-0.1776
6.751,-4.92,-3.54,27.97,11.93,0.0131,0.0800,-0.1622,-0.0237,-0.0800,-0.1556,-0.0168,0.0800,-0.1631,0.0185,-0.0800,-0.1778
6.781,-4.95,-3.57,31.25,18.58,0.0104,0.0800,-0.1621,-0.0193,-0.0800,-0.1497,-0.0137,0.0800,-0.1574,0.0146,-0.0800,-0.1779
6.811,-4.96,-3.40,25.49,26.14,0.0077,0.0800,-0.1624,-0.0145,-0.0800,-0.1456,-0.0103,0.0800,-0.1526,0.0108,-0.0800,-0.1776
6.841,-4.79,-3.18,34.10,25.42,0.0050,0.0800,-0.1628,-0.0095,-0.0800,-0.1427,-0.0068,0.0800,-0.1492,0.0070,-0.0800,-0.1772
6.871,-4.37,-2.75,42.95,43.05,0.0022,0.0800,-0.1637,-0.0043,-0.0800,-0.1415,-0.0031,0.0800,-0.1469,0.0032,-0.0800,-0.1763
6.902,-3.90,-1.92,23.20,24.24,-0.0006,0.0800,-0.1653,0.0011,-0.0800,-0.1422,0.0008,0.0800,-0.1453,-0.0008,-0.0800,-0.1747
6.932,-3.39,-1.35,21.38,-11.68,-0.0033,0.0800,-0.1664,0.0063,-0.0800,-0.1439,0.0045,0.0800,-0.1455,-0.0046,-0.0800,-0.1736
6.962,-2.97,-1.47,18.05,-42.55,-0.0060,0.0800,-0.1664,0.0114,-0.0800,-0.1458,0.0081,0.0800,-0.1482,-0.0084,-0.0800,-0.1736
6.992,-2.08,-1.70,50.73,-32.18,-0.0087,0.0800,-0.1664,0.0164,-0.0800,-0.1488,0.0116,0.0800,-0.1526,-0.0123,-0.0800,-0.1736
7.022,-1.46,-1.87,13.75,-10.82,-0.0114,0.0800,-0.1664,0.0210,-0.0800,-0.1532,0.0149,0.0800,-0.1581,-0.0161,-0.0800,-0.1736
7.052,-1.02,-1.89,-2.78,4.90,-0.0141,0.0800,-0.1665,0.0253,-0.0800,-0.1593,0.0179,0.0800,-0.1646,-0.0199,-0.0800,-0.1735
7.082,-0.71,-1.82,28.00,10.64,-0.0169,0.0800,-0.1667,0.0291,-0.0800,-0.1669,0.0206,0.0800,-0.1723,-0.0238,-0.0800,-0.1733
7.112,-0.01,-1.66,10.80,11.13,-0.0196,0.0800,-0.1673,0.0256,-0.0800,-0.1673,0.0182,0.0800,-0.1727,-0.0276,-0.0800,-0.1727
7.142,-0.01,-1.16,-44.84,15.76,-0.0193,0.0800,-0.1636,0.0218,-0.0800,-0.1681,0.0155,0.0800,-0.1719,-0.0272,-0.0800,-0.1674
7.172,-0.33,-0.81,-73.23,12.95,-0.0164,0.0800,-0.1571,0.0180,-0.0800,-0.1688,0.0128,0.0800,-0.1712,-0.0232,-0.0800,-0.1600
7.202,-0.93,-0.57,-37.47,26.93,-0.0133,0.0800,-0.1516,0.0142,-0.0800,-0.1695,0.0100,0.0800,-0.1705,-0.0187,-0.0800,-0.1542
7.232,-1.47,-0.40,-5.46,-31.21,-0.0099,0.0800,-0.1474,0.0103,-0.0800,-0.1700,0.0073,0.0800,-0.1700,-0.0139,-0.0800,-0.1499
7.262,-1.87,-0.28,0.29,-10.58,-0.0063,0.0800,-0.1445,0.0065,-0.0800,-0.1703,0.0046,0.0800,-0.1697,-0.0088,-0.0800,-0.1469
7.292,-2.41,-0.20,-28.50,-16.65,-0.0025,0.0800,-0.1428,0.0026,-0.0800,-0.1707,0.0018,0.0800,-0.1693,-0.0036,-0.0800,-0.1454
7.322,-3.03,-0.48,-28.59,-33.79,0.0012,0.0800,-0.1418,-0.0013,-0.0800,-0.1705,-0.0009,0.0800,-0.1695,0.0017,-0.0800,-0.1458
7.352,-3.60,-1.01,-27.49,-39.93,0.0049,0.0800,-0.1418,-0.0051,-0.0800,-0.1698,-0.0036,0.0800,-0.1702,0.0070,-0.0800,-0.1481
7.382,-4.02,-1.54,-22.54,-17.71,0.0086,0.0800,-0.1432,-0.0089,-0.0800,-0.1691,-0.0063,0.0800,-0.1709,0.0121,-0.0800,-0.1515
7.412,-4.31,-2.00,5.99,-5.17,0.0120,0.0800,-0.1462,-0.0127,-0.0800,-0.1685,-0.0090,0.0800,-0.1715,0.0170,-0.0800,-0.1562
7.443,-4.52,-2.37,2.06,-4.56,0.0153,0.0800,-0.1507,-0.0166,-0.0800,-0.1680,-0.0118,0.0800,-0.1720,0.0216,-0.0800,-0.1621
7.473,-4.66,-2.70,-25.75,-8.04,0.0183,0.0800,-0.1566,-0.0205,-0.0800,-0.1675,-0.0145,0.0800,-0.1725,0.0258,-0.0800,-0.1692
7.503,-4.76,-2.96,6.66,3.91,0.0205,0.0800,-0.1632,-0.0243,-0.0800,-0.1671,-0.0172,0.0800,-0.1729,0.0289,-0.0800,-0.1768
7.533,-4.83,-3.22,-6.25,-15.56,0.0178,0.0800,-0.1628,-0.0281,-0.0800,-0.1667,-0.0199,0.0800,-0.1733,0.0251,-0.0800,-0.1772
7.563,-4.88,-3.33,5.68,11.24,0.0150,0.0800,-0.1626,-0.0266,-0.0800,-0.1609,-0.0189,0.0800,-0.1678,0.0212,-0.0800,-0.1774
7.593,-4.92,-3.27,22.82,22.77,0.0123,0.0800,-0.1627,-0.0225,-0.0800,-0.1542,-0.0159,0.0800,-0.1609,0.0174,-0.0800,-0.1773
7.623,-4.94,-3.04,24.58,17.90,0.0096,0.0800,-0.1630,-0.0180,-0.0800,-0.1492,-0.0127,0.0800,-0.1551,0.0135,-0.0800,-0.1770
7.653,-4.86,-2.76,30.51,17.61,0.0069,0.0800,-0.1635,-0.0131,-0.0800,-0.1456,-0.0093,0.0800,-0.1506,0.0097,-0.0800,-0.1765
7.683,-4.62,-2.42,32.49,32.90,0.0042,0.0800,-0.1642,-0.0081,-0.0800,-0.1433,-0.0057,0.0800,-0.1474,0.0059,-0.0800,-0.1758
7.713,-4.28,-1.70,25.95,42.28,0.0015,0.0800,-0.1655,-0.0029,-0.0800,-0.1429,-0.0020,0.0800,-0.1450,0.0021,-0.0800,-0.1745
7.743,-3.76,-1.19,33.41,3.30,-0.0012,0.0800,-0.1665,0.0024,-0.0800,-0.1435,0.0017,0.0800,-0.1443,-0.0017,-0.0800,-0.1735
7.773,-3.18,-0.83,24.25,-31.00,-0.0039,0.0800,-0.1673,0.0076,-0.0800,-0.1451,0.0054,0.0800,-0.1452,-0.0056,-0.0800,-0.1727
7.803,-2.59,-1.11,30.40,-58.42,-0.0067,0.0800,-0.1671,0.0127,-0.0800,-0.1470,0.0090,0.0800,-0.1485,-0.0094,-0.0800,-0.1729
7.833,-1.81,-1.29,34.48,-15.58,-0.0094,0.0800,-0.1672,0.0175,-0.0800,-0.1504,0.0124,0.0800,-0.1531,-0.0132,-0.0800,-0.1728
7.863,-1.27,-1.45,5.14,-12.62,-0.0121,0.0800,-0.1671,0.0221,-0.0800,-0.1552,0.0157,0.0800,-0.1589,-0.0170,-0.0800,-0.1729
7.893,-0.89,-1.53,2.01,3.54,-0.0148,0.0800,-0.1671,0.0263,-0.0800,-0.1616,0.0186,0.0800,-0.1658,-0.0209,-0.0800,-0.1729
7.923,-0.14,-1.58,30.01,3.49,-0.0176,0.0800,-0.1674,0.0284,-0.0800,-0.1675,0.0202,0.0800,-0.1725,-0.0247,-0.0800,-0.1726
7.953,0.46,-1.56,-8.68,12.16,-0.0203,0.0800,-0.1676,0.0246,-0.0800,-0.1673,0.0174,0.0800,-0.1727,-0.0286,-0.0800,-0.1724
7.983,0.32,-1.47,-59.87,16.61,-0.0186,0.0800,-0.1612,0.0208,-0.0800,-0.1675,0.0147,0.0800,-0.1725,-0.0262,-0.0800,-0.1658
8.014,-0.24,-1.35,-70.23,22.05,-0.0155,0.0800,-0.1544,0.0168,-0.0800,-0.1679,0.0119,0.0800,-0.1721,-0.0219,-0.0800,-0.1590
8.044,-0.65,-0.94,8.85,13.06,-0.0122,0.0800,-0.1497,0.0130,-0.0800,-0.1687,0.0092,0.0800,-0.1713,-0.0173,-0.0800,-0.1533
8.074,-1.19,-0.98,-18.66,-23.07,-0.0088,0.0800,-0.1455,0.0091,-0.0800,-0.1689,0.0065,0.0800,-0.1711,-0.0124,-0.0800,-0.1497
8.104,-1.55,-0.69,0.60,-3.49,-0.0051,0.0800,-0.1433,0.0053,-0.0800,-0.1695,0.0038,0.0800,-0.1705,-0.0072,-0.0800,-0.1468
8.134,-1.95,-0.48,-18.46,-16.00,-0.0014,0.0800,-0.1423,0.0015,-0.0800,-0.1700,0.0010,0.0800,-0.1700,-0.0020,-0.0800,-0.1454
8.164,-2.47,-0.70,-32.77,-29.64,0.0023,0.0800,-0.1418,-0.0024,-0.0800,-0.1699,-0.0017,0.0800,-0.1701,0.0032,-0.0800,-0.1462
8.194,-3.05,-1.09,-35.90,-35.31,0.0060,0.0800,-0.1425,-0.0062,-0.0800,-0.1695,-0.0044,0.0800,-0.1705,0.0084,-0.0800,-0.1485
8.224,-3.60,-1.46,-23.09,-14.77,0.0096,0.0800,-0.1445,-0.0100,-0.0800,-0.1691,-0.0071,0.0800,-0.1709,0.0135,-0.0800,-0.1522
8.254,-4.02,-1.85,-14.06,-6.38,0.0130,0.0800,-0.1478,-0.0138,-0.0800,-0.1686,-0.0098,0.0800,-0.1714,0.0183,-0.0800,-0.1572
8.284,-4.31,-2.10,3.81,3.95,0.0162,0.0800,-0.1528,-0.0176,-0.0800,-0.1683,-0.0125,0.0800,-0.1717,0.0228,-0.0800,-0.1632
8.314,-4.52,-2.43,-15.95,-12.68,0.0191,0.0800,-0.1591,-0.0215,-0.0800,-0.1679,-0.0152,0.0800,-0.1721,0.0269,-0.0800,-0.1707
8.344,-4.66,-2.74,-9.71,-8.13,0.0198,0.0800,-0.1636,-0.0253,-0.0800,-0.1674,-0.0180,0.0800,-0.1726,0.0279,-0.0800,-0.1764
8.374,-4.76,-3.11,-6.70,-16.68,0.0170,0.0800,-0.1630,-0.0292,-0.0800,-0.1669,-0.0207,0.0800,-0.1731,0.0240,-0.0800,-0.1770
8.404,-4.84,-3.29,18.65,12.27,0.0143,0.0800,-0.1626,-0.0256,-0.0800,-0.1590,-0.0181,0.0800,-0.1658,0.0202,-0.0800,-0.1774
8.434,-4.88,-3.31,28.13,16.68,0.0116,0.0800,-0.1626,-0.0213,-0.0800,-0.1526,-0.0151,0.0800,-0.1595,0.0164,-0.0800,-0.1774
8.464,-4.91,-3.26,29.21,9.84,0.0089,0.0800,-0.1627,-0.0167,-0.0800,-0.1477,-0.0119,0.0800,-0.1543,0.0126,-0.0800,-0.1773
8.494,-4.70,-3.07,34.18,23.46,0.0062,0.0800,-0.1631,-0.0118,-0.0800,-0.1441,-0.0084,0.0800,-0.1503,0.0087,-0.0800,-0.1769
8.524,-4.27,-2.72,40.82,40.70,0.0035,0.0800,-0.1638,-0.0067,-0.0800,-0.1422,-0.0048,0.0800,-0.1476,0.0049,-0.0800,-0.1762
8.554,-3.90,-1.90,14.49,55.46,0.0008,0.0800,-0.1653,-0.0015,-0.0800,-0.1423,-0.0011,0.0800,-0.1453,0.0011,-0.0800,-0.1747
8.584,-3.45,-1.33,21.59,1.80,-0.0019,0.0800,-0.1664,0.0037,-0.0800,-0.1433,0.0027,0.0800,-0.1449,-0.0027,-0.0800,-0.1736
8.614,-3.03,-0.93,17.01,-32.43,-0.0046,0.0800,-0.1672,0.0089,-0.0800,-0.1454,0.0063,0.0800,-0.1460,-0.0065,-0.0800,-0.1728
8.644,-2.55,-1.03,33.93,-48.54,-0.0074,0.0800,-0.1673,0.0140,-0.0800,-0.1480,0.0099,0.0800,-0.1493,-0.0104,-0.0800,-0.1727
8.674,-1.78,-1.16,23.72,-18.05,-0.0101,0.0800,-0.1674,0.0187,-0.0800,-0.1518,0.0133,0.0800,-0.1541,-0.0142,-0.0800,-0.1726
8.704,-1.25,-1.33,-3.89,-12.46,-0.0128,0.0800,-0.1673,0.0232,-0.0800,-0.1570,0.0165,0.0800,-0.1603,-0.0180,-0.0800,-0.1727
8.734,-0.87,-1.45,14.53,2.35,-0.0155,0.0800,-0.1673,0.0273,-0.0800,-0.1636,0.0193,0.0800,-0.1677,-0.0219,-0.0800,-0.1727
8.764,-0.61,-1.50,27.02,7.51,-0.0182,0.0800,-0.1673,0.0275,-0.0800,-0.1678,0.0195,0.0800,-0.1722,-0.0257,-0.0800,-0.1727
8.794,-0.43,-1.41,-17.39,18.98,-0.0206,0.0800,-0.1669,0.0237,-0.0800,-0.1679,0.0168,0.0800,-0.1721,-0.0290,-0.0800,-0.1719
8.824,-0.30,-0.99,-61.88,19.18,-0.0179,0.0800,-0.1600,0.0198,-0.0800,-0.1685,0.0141,0.0800,-0.1715,-0.0252,-0.0800,-0.1635
8.854,-0.89,-0.69,-59.05,22.06,-0.0148,0.0800,-0.1540,0.0160,-0.0800,-0.1692,0.0113,0.0800,-0.1708,-0.0209,-0.0800,-0.1570
8.884,-1.27,-0.48,14.20,-3.43,-0.0115,0.0800,-0.1492,0.0122,-0.0800,-0.1697,0.0086,0.0800,-0.1703,-0.0162,-0.0800,-0.1518
8.914,-1.63,-0.64,-10.71,-22.81,-0.0080,0.0800,-0.1452,0.0083,-0.0800,-0.1696,0.0059,0.0800,-0.1704,-0.0113,-0.0800,-0.1486
8.944,-2.00,-0.45,-13.69,2.51,-0.0044,0.0800,-0.1431,0.0045,-0.0800,-0.1701,0.0032,0.0800,-0.1699,-0.0061,-0.0800,-0.1462
8.974,-2.31,-0.31,-7.61,-24.25,-0.0006,0.0800,-0.1423,0.0006,-0.0800,-0.1704,0.0004,0.0800,-0.1696,-0.0009,-0.0800,-0.1452
9.004,-2.66,-0.22,-25.44,-25.77,0.0031,0.0800,-0.1428,-0.0032,-0.0800,-0.1707,-0.0023,0.0800,-0.1693,0.0044,-0.0800,-0.1457
9.034,-3.15,-0.74,-38.80,-36.64,0.0068,0.0800,-0.1435,-0.0071,-0.0800,-0.1701,-0.0050,0.0800,-0.1699,0.0096,-0.0800,-0.1485
9.065,-3.66,-1.30,-22.75,-19.60,0.0104,0.0800,-0.1456,-0.0109,-0.0800,-0.1694,-0.0078,0.0800,-0.1706,0.0147,-0.0800,-0.1528
9.095,-4.04,-1.79,-2.65,-9.15,0.0138,0.0800,-0.1492,-0.0148,-0.0800,-0.1687,-0.0105,0.0800,-0.1713,0.0194,-0.0800,-0.1583
9.125,-4.33,-2.13,-0.56,-1.42,0.0169,0.0800,-0.1544,-0.0186,-0.0800,-0.1683,-0.0132,0.0800,-0.1717,0.0239,-0.0800,-0.1649
9.155,-4.53,-2.39,-4.39,1.79,0.0197,0.0800,-0.1611,-0.0224,-0.0800,-0.1680,-0.0159,0.0800,-0.1720,0.0278,-0.0800,-0.1726
9.185,-4.67,-2.73,-9.95,-17.01,0.0191,0.0800,-0.1636,-0.0263,-0.0800,-0.1674,-0.0186,0.0800,-0.1726,0.0269,-0.0800,-0.1764
9.215,-4.77,-3.06,-25.02,-5.18,0.0164,0.0800,-0.1631,-0.0284,-0.0800,-0.1651,-0.0202,0.0800,-0.1712,0.0231,-0.0800,-0.1769
9.245,-4.84,-3.19,21.30,14.96,0.0136,0.0800,-0.1628,-0.0245,-0.0800,-0.1574,-0.0174,0.0800,-0.1639,0.0192,-0.0800,-0.1772
9.275,-4.89,-3.27,36.73,8.15,0.0109,0.0800,-0.1627,-0.0202,-0.0800,-0.1512,-0.0143,0.0800,-0.1579,0.0154,-0.0800,-0.1773
9.305,-4.85,-3.23,28.08,18.40,0.0082,0.0800,-0.1627,-0.0155,-0.0800,-0.1466,-0.0110,0.0800,-0.1532,0.0116,-0.0800,-0.1773
9.335,-4.59,-3.01,36.89,28.06,0.0055,0.0800,-0.1632,-0.0105,-0.0800,-0.1435,-0.0075,0.0800,-0.1495,0.0077,-0.0800,-0.1768
9.365,-4.21,-2.52,37.20,44.49,0.0028,0.0800,-0.1642,-0.0054,-0.0800,-0.1420,-0.0038,0.0800,-0.1469,0.0039,-0.0800,-0.1758
9.395,-3.85,-1.77,13.36,34.34,0.0001,0.0800,-0.1655,-0.0001,-0.0800,-0.1424,-0.0001,0.0800,-0.1451,0.0001,-0.0800,-0.1745
9.425,-3.27,-1.24,36.74,-16.84,-0.0026,0.0800,-0.1666,0.0051,-0.0800,-0.1437,0.0036,0.0800,-0.1451,-0.0037,-0.0800,-0.1734
9.455,-2.66,-0.87,28.91,-38.86,-0.0053,0.0800,-0.1675,0.0103,-0.0800,-0.1460,0.0073,0.0800,-0.1467,-0.0075,-0.0800,-0.1725
9.485,-1.86,-1.19,59.91,-51.04,-0.0081,0.0800,-0.1673,0.0152,-0.0800,-0.1485,0.0108,0.0800,-0.1509,-0.0114,-0.0800,-0.1727
9.515,-1.30,-1.48,9.67,-15.40,-0.0108,0.0800,-0.1671,0.0199,-0.0800,-0.1524,0.0141,0.0800,-0.1562,-0.0152,-0.0800,-0.1729
9.545,-0.91,-1.68,1.40,-4.45,-0.0135,0.0800,-0.1669,0.0243,-0.0800,-0.1579,0.0172,0.0800,-0.1627,-0.0190,-0.0800,-0.1731
9.575,-0.06,-1.79,29.94,6.01,-0.0162,0.0800,-0.1671,0.0282,-0.0800,-0.1648,0.0200,0.0800,-0.1706,-0.0228,-0.0800,-0.1729
9.605,0.83,-1.79,17.17,10.96,-0.0189,0.0800,-0.1674,0.0265,-0.0800,-0.1667,0.0188,0.0800,-0.1733,-0.0267,-0.0800,-0.1726
9.635,1.33,-1.78,-31.90,9.99,-0.0199,0.0800,-0.1650,0.0227,-0.0800,-0.1665,0.0161,0.0800,-0.1735,-0.0281,-0.0800,-0.1697
9.665,0.93,-1.67,-71.86,18.41,-0.0171,0.0800,-0.1577,0.0189,-0.0800,-0.1669,0.0134,0.0800,-0.1731,-0.0242,-0.0800,-0.1624
9.694,0.17,-1.54,-69.45,24.77,-0.0141,0.0800,-0.1517,0.0151,-0.0800,-0.1674,0.0107,0.0800,-0.1726,-0.0198,-0.0800,-0.1566
9.724,-0.34,-1.08,11.36,8.96,-0.0107,0.0800,-0.1476,0.0112,-0.0800,-0.1684,0.0080,0.0800,-0.1716,-0.0151,-0.0800,-0.1514
9.755,-0.82,-1.15,-8.04,-15.54,-0.0071,0.0800,-0.1441,0.0074,-0.0800,-0.1685,0.0052,0.0800,-0.1715,-0.0101,-0.0800,-0.1485
9.785,-1.22,-0.80,-6.68,-4.53,-0.0035,0.0800,-0.1425,0.0036,-0.0800,-0.1692,0.0025,0.0800,-0.1708,-0.0049,-0.0800,-0.1461
9.814,-1.61,-0.56,-12.58,-23.38,0.0002,0.0800,-0.1422,-0.0002,-0.0800,-0.1697,-0.0002,0.0800,-0.1703,0.0003,-0.0800,-0.1453
9.844,-2.12,-0.80,-36.14,-30.36,0.0040,0.0800,-0.1423,-0.0041,-0.0800,-0.1696,-0.0029,0.0800,-0.1704,0.0056,-0.0800,-0.1467
9.874,-2.81,-1.29,-48.63,-44.10,0.0076,0.0800,-0.1434,-0.0079,-0.0800,-0.1690,-0.0056,0.0800,-0.1710,0.0107,-0.0800,-0.1499
9.904,-3.47,-1.73,-29.93,-19.38,0.0111,0.0800,-0.1458,-0.0117,-0.0800,-0.1686,-0.0083,0.0800,-0.1714,0.0157,-0.0800,-0.1543
9.935,-3.93,-2.23,-15.69,-16.12,0.0145,0.0800,-0.1496,-0.0156,-0.0800,-0.1680,-0.0111,0.0800,-0.1720,0.0204,-0.0800,-0.1601
9.965,-4.25,-2.57,-2.68,2.53,0.0176,0.0800,-0.1552,-0.0195,-0.0800,-0.1675,-0.0138,0.0800,-0.1725,0.0248,-0.0800,-0.1671
9.995,-4.48,-2.77,4.33,3.77,0.0203,0.0800,-0.1623,-0.0233,-0.0800,-0.1673,-0.0165,0.0800,-0.1727,0.0287,-0.0800,-0.1750
10.025,-4.63,-2.93,-4.25,2.59,0.0185,0.0800,-0.1633,-0.0271,-0.0800,-0.1671,-0.0193,0.0800,-0.1729,0.0260,-0.0800,-0.1767
10.055,-4.74,-3.05,5.58,0.75,0.0158,0.0800,-0.1631,-0.0276,-0.0800,-0.1633,-0.0196,0.0800,-0.1694,0.0222,-0.0800,-0.1769
10.085,-4.82,-3.12,27.33,6.49,0.0130,0.0800,-0.1629,-0.0236,-0.0800,-0.1561,-0.0167,0.0800,-0.1623,0.0184,-0.0800,-0.1771
10.115,-4.87,-3.18,23.76,9.55,0.0103,0.0800,-0.1628,-0.0192,-0.0800,-0.1502,-0.0136,0.0800,-0.1566,0.0145,-0.0800,-0.1772
10.145,-4.74,-3.14,27.52,20.90,0.0076,0.0800,-0.1629,-0.0144,-0.0800,-0.1458,-0.0102,0.0800,-0.1522,0.0107,-0.0800,-0.1771
10.175,-4.43,-2.94,30.99,27.72,0.0049,0.0800,-0.1634,-0.0094,-0.0800,-0.1429,-0.0067,0.0800,-0.1489,0.0069,-0.0800,-0.1766
10.205,-4.05,-2.57,31.75,36.74,0.0022,0.0800,-0.1642,-0.0042,-0.0800,-0.1416,-0.0030,0.0800,-0.1467,0.0031,-0.0800,-0.1758
10.235,-3.68,-1.80,21.69,24.76,-0.0005,0.0800,-0.1656,0.0010,-0.0800,-0.1423,0.0007,0.0800,-0.1452,-0.0007,-0.0800,-0.1744
10.265,-3.19,-1.26,35.93,-15.94,-0.0032,0.0800,-0.1666,0.0063,-0.0800,-0.1440,0.0044,0.0800,-0.1455,-0.0046,-0.0800,-0.1734
10.295,-2.58,-1.39,34.45,-39.91,-0.0059,0.0800,-0.1667,0.0114,-0.0800,-0.1457,0.0081,0.0800,-0.1482,-0.0084,-0.0800,-0.1733
10.325,-1.80,-1.68,50.62,-38.81,-0.0087,0.0800,-0.1665,0.0163,-0.0800,-0.1486,0.0116,0.0800,-0.1526,-0.0122,-0.0800,-0.1735
10.355,-1.26,-1.91,32.72,-11.84,-0.0114,0.0800,-0.1664,0.0210,-0.0800,-0.1530,0.0149,0.0800,-0.1582,-0.0161,-0.0800,-0.1736
10.385,-0.45,-2.00,12.80,7.11,-0.0141,0.0800,-0.1666,0.0253,-0.0800,-0.1588,0.0179,0.0800,-0.1650,-0.0199,-0.0800,-0.1734
10.415,0.49,-2.02,28.99,0.22,-0.0168,0.0800,-0.1669,0.0291,-0.0800,-0.1660,0.0206,0.0800,-0.1730,-0.0237,-0.0800,-0.1731
10.445,1.37,-1.87,1.68,20.96,-0.0195,0.0800,-0.1675,0.0256,-0.0800,-0.1664,0.0182,0.0800,-0.1736,-0.0276,-0.0800,-0.1725
10.475,1.66,-1.31,-53.01,20.23,-0.0193,0.0800,-0.1640,0.0218,-0.0800,-0.1672,0.0155,0.0800,-0.1728,-0.0272,-0.0800,-0.1670
10.505,1.16,-0.92,-79.31,18.87,-0.0164,0.0800,-0.1575,0.0180,-0.0800,-0.1680,0.0127,0.0800,-0.1720,-0.0231,-0.0800,-0.1595
10.535,0.49,-0.64,-42.09,21.69,-0.0133,0.0800,-0.1521,0.0141,-0.0800,-0.1687,0.0100,0.0800,-0.1713,-0.0187,-0.0800,-0.1538
10.565,-0.18,-0.45,-9.38,-27.74,-0.0098,0.0800,-0.1478,0.0103,-0.0800,-0.1693,0.0073,0.0800,-0.1707,-0.0139,-0.0800,-0.1494
10.595,-0.74,-0.31,-6.58,-15.41,-0.0063,0.0800,-0.1448,0.0065,-0.0800,-0.1698,0.0046,0.0800,-0.1702,-0.0088,-0.0800,-0.1465
10.625,-1.51,-0.22,-35.80,-17.49,-0.0026,0.0800,-0.1431,0.0026,-0.0800,-0.1703,0.0019,0.0800,-0.1697,-0.0036,-0.0800,-0.1450
10.655,-2.22,-0.56,-19.62,-34.96,0.0011,0.0800,-0.1420,-0.0012,-0.0800,-0.1700,-0.0008,0.0800,-0.1700,0.0016,-0.0800,-0.1456
10.685,-2.93,-0.93,-29.76,-25.68,0.0049,0.0800,-0.1422,-0.0050,-0.0800,-0.1697,-0.0036,0.0800,-0.1703,0.0069,-0.0800,-0.1476
10.715,-3.55,-1.32,-12.80,-13.39,0.0085,0.0800,-0.1437,-0.0088,-0.0800,-0.1693,-0.0063,0.0800,-0.1707,0.0120,-0.0800,-0.1509
10.745,-3.97,-1.65,8.74,-4.64,0.0120,0.0800,-0.1468,-0.0127,-0.0800,-0.1689,-0.0090,0.0800,-0.1711,0.0169,-0.0800,-0.1554
10.775,-4.24,-2.00,-0.86,-11.06,0.0152,0.0800,-0.1512,-0.0165,-0.0800,-0.1685,-0.0117,0.0800,-0.1715,0.0215,-0.0800,-0.1612
10.805,-4.47,-2.37,-11.56,-5.33,0.0182,0.0800,-0.1569,-0.0203,-0.0800,-0.1680,-0.0144,0.0800,-0.1720,0.0257,-0.0800,-0.1683
10.835,-4.63,-2.67,8.18,-1.87,0.0206,0.0800,-0.1637,-0.0241,-0.0800,-0.1675,-0.0171,0.0800,-0.1725,0.0291,-0.0800,-0.1763
10.865,-4.72,-2.90,6.16,-1.95,0.0179,0.0800,-0.1633,-0.0280,-0.0800,-0.1672,-0.0199,0.0800,-0.1728,0.0252,-0.0800,-0.1767
10.896,-4.75,-2.98,8.08,10.73,0.0151,0.0800,-0.1632,-0.0267,-0.0800,-0.1615,-0.0189,0.0800,-0.1674,0.0212,-0.0800,-0.1768
10.928,-4.61,-2.92,22.46,20.38,0.0122,0.0800,-0.1633,-0.0223,-0.0800,-0.1544,-0.0158,0.0800,-0.1602,0.0172,-0.0800,-0.1767
10.958,-4.41,-2.72,14.21,18.64,0.0095,0.0800,-0.1638,-0.0177,-0.0800,-0.1492,-0.0125,0.0800,-0.1545,0.0133,-0.0800,-0.1762
10.988,-4.20,-2.48,16.37,27.42,0.0067,0.0800,-0.1642,-0.0128,-0.0800,-0.1455,-0.0091,0.0800,-0.1502,0.0095,-0.0800,-0.1758
11.019,-3.75,-1.73,42.24,37.79,0.0040,0.0800,-0.1656,-0.0076,-0.0800,-0.1439,-0.0054,0.0800,-0.1465,0.0056,-0.0800,-0.1744
11.050,-3.32,-1.21,17.64,19.89,0.0012,0.0800,-0.1667,-0.0023,-0.0800,-0.1432,-0.0016,0.0800,-0.1445,0.0016,-0.0800,-0.1733
11.080,-2.76,-0.85,30.24,-23.91,-0.0016,0.0800,-0.1675,0.0030,-0.0800,-0.1437,0.0021,0.0800,-0.1442,-0.0022,-0.0800,-0.1725
11.110,-2.26,-0.59,13.34,-40.59,-0.0043,0.0800,-0.1681,0.0082,-0.0800,-0.1454,0.0058,0.0800,-0.1455,-0.0060,-0.0800,-0.1719
11.140,-1.58,-0.93,39.02,-39.44,-0.0070,0.0800,-0.1678,0.0133,-0.0800,-0.1474,0.0095,0.0800,-0.1491,-0.0099,-0.0800,-0.1722
11.170,-1.11,-1.18,25.79,-9.79,-0.0098,0.0800,-0.1676,0.0182,-0.0800,-0.1509,0.0129,0.0800,-0.1539,-0.0138,-0.0800,-0.1724
11.200,-0.78,-1.45,7.77,-19.96,-0.0125,0.0800,-0.1673,0.0227,-0.0800,-0.1559,0.0161,0.0800,-0.1600,-0.0176,-0.0800,-0.1727
11.230,-0.06,-1.70,21.96,2.97,-0.0152,0.0800,-0.1672,0.0269,-0.0800,-0.1621,0.0190,0.0800,-0.1676,-0.0214,-0.0800,-0.1728
11.260,0.80,-1.82,27.46,9.50,-0.0179,0.0800,-0.1674,0.0279,-0.0800,-0.1667,0.0198,0.0800,-0.1733,-0.0253,-0.0800,-0.1726
11.290,1.30,-1.75,-26.67,19.12,-0.0206,0.0800,-0.1677,0.0241,-0.0800,-0.1666,0.0171,0.0800,-0.1734,-0.0291,-0.0800,-0.1723
11.321,0.91,-1.64,-78.70,14.61,-0.0182,0.0800,-0.1602,0.0202,-0.0800,-0.1669,0.0143,0.0800,-0.1731,-0.0256,-0.0800,-0.1648
11.351,0.11,-1.46,-72.70,25.80,-0.0151,0.0800,-0.1537,0.0164,-0.0800,-0.1676,0.0116,0.0800,-0.1724,-0.0213,-0.0800,-0.1583
11.381,-0.41,-1.02,11.01,10.00,-0.0118,0.0800,-0.1491,0.0125,-0.0800,-0.1685,0.0089,0.0800,-0.1715,-0.0167,-0.0800,-0.1528
11.411,-1.01,-1.02,-15.67,-18.33,-0.0084,0.0800,-0.1451,0.0087,-0.0800,-0.1687,0.0062,0.0800,-0.1713,-0.0118,-0.0800,-0.1493
11.441,-1.40,-0.72,0.76,-4.70,-0.0047,0.0800,-0.1431,0.0049,-0.0800,-0.1694,0.0035,0.0800,-0.1706,-0.0067,-0.0800,-0.1466
11.471,-1.75,-0.50,-6.85,-10.26,-0.0010,0.0800,-0.1423,0.0011,-0.0800,-0.1699,0.0007,0.0800,-0.1701,-0.0014,-0.0800,-0.1453
11.501,-2.24,-0.35,-36.72,-34.64,0.0027,0.0800,-0.1426,-0.0028,-0.0800,-0.1703,-0.0020,0.0800,-0.1697,0.0038,-0.0800,-0.1456
11.531,-2.92,-0.82,-49.03,-37.24,0.0064,0.0800,-0.1432,-0.0066,-0.0800,-0.1699,-0.0047,0.0800,-0.1701,0.0090,-0.0800,-0.1483
11.561,-3.53,-1.32,-22.18,-18.10,0.0099,0.0800,-0.1451,-0.0104,-0.0800,-0.1693,-0.0074,0.0800,-0.1707,0.0140,-0.0800,-0.1523
11.591,-3.97,-1.81,0.75,-6.96,0.0133,0.0800,-0.1485,-0.0142,-0.0800,-0.1687,-0.0101,0.0800,-0.1713,0.0188,-0.0800,-0.1576
11.621,-4.28,-2.27,-2.83,-9.49,0.0165,0.0800,-0.1533,-0.0181,-0.0800,-0.1680,-0.0128,0.0800,-0.1720,0.0233,-0.0800,-0.1642
11.651,-4.49,-2.75,-6.86,-8.87,0.0194,0.0800,-0.1594,-0.0219,-0.0800,-0.1673,-0.0155,0.0800,-0.1727,0.0273,-0.0800,-0.1720
11.681,-4.65,-3.21,-11.95,-12.21,0.0195,0.0800,-0.1629,-0.0257,-0.0800,-0.1667,-0.0182,0.0800,-0.1733,0.0275,-0.0800,-0.1771
11.710,-4.75,-3.52,2.64,2.46,0.0168,0.0800,-0.1623,-0.0290,-0.0800,-0.1656,-0.0206,0.0800,-0.1732,0.0237,-0.0800,-0.1777
11.740,-4.83,-3.62,16.85,20.23,0.0141,0.0800,-0.1621,-0.0252,-0.0800,-0.1579,-0.0179,0.0800,-0.1657,0.0198,-0.0800,-0.1779
11.770,-4.88,-3.79,2.15,-1.30,0.0114,0.0800,-0.1618,-0.0209,-0.0800,-0.1513,-0.0149,0.0800,-0.1597,0.0160,-0.0800,-0.1782
11.800,-4.92,-3.92,7.90,10.75,0.0087,0.0800,-0.1616,-0.0163,-0.0800,-0.1462,-0.0116,0.0800,-0.1550,0.0122,-0.0800,-0.1784
11.830,-4.87,-3.87,32.95,12.93,0.0059,0.0800,-0.1617,-0.0114,-0.0800,-0.1426,-0.0081,0.0800,-0.1513,0.0084,-0.0800,-0.1783
11.860,-4.49,-3.56,52.10,27.25,0.0032,0.0800,-0.1624,-0.0062,-0.0800,-0.1407,-0.0044,0.0800,-0.1487,0.0045,-0.0800,-0.1776
11.890,-3.70,-3.02,67.65,49.08,0.0005,0.0800,-0.1636,-0.0010,-0.0800,-0.1404,-0.0007,0.0800,-0.1472,0.0007,-0.0800,-0.1764
11.920,-3.18,-2.11,-10.92,48.63,-0.0022,0.0800,-0.1652,0.0043,-0.0800,-0.1420,0.0031,0.0800,-0.1464,-0.0031,-0.0800,-0.1748
11.950,-2.99,-1.48,-19.67,-22.81,-0.0049,0.0800,-0.1664,0.0095,-0.0800,-0.1448,0.0067,0.0800,-0.1472,-0.0070,-0.0800,-0.1736
11.980,-2.10,-1.44,58.15,-34.42,-0.0076,0.0800,-0.1668,0.0145,-0.0800,-0.1476,0.0103,0.0800,-0.1506,-0.0108,-0.0800,-0.1732
12.010,-1.47,-1.75,49.43,-53.76,-0.0104,0.0800,-0.1665,0.0192,-0.0800,-0.1513,0.0137,0.0800,-0.1558,-0.0146,-0.0800,-0.1735
12.040,-1.03,-2.10,13.41,-19.74,-0.0131,0.0800,-0.1661,0.0237,-0.0800,-0.1564,0.0168,0.0800,-0.1624,-0.0185,-0.0800,-0.1739
12.071,-0.72,-2.14,-2.64,25.58,-0.0158,0.0800,-0.1662,0.0277,-0.0800,-0.1634,0.0197,0.0800,-0.1698,-0.0223,-0.0800,-0.1738
12.101,-0.50,-1.86,-19.40,31.93,-0.0186,0.0800,-0.1668,0.0270,-0.0800,-0.1672,0.0192,0.0800,-0.1728,-0.0262,-0.0800,-0.1732
12.131,-0.35,-1.30,-25.71,36.48,-0.0203,0.0800,-0.1662,0.0232,-0.0800,-0.1680,0.0165,0.0800,-0.1720,-0.0286,-0.0800,-0.1707
12.160,-0.25,-0.91,-30.41,16.73,-0.0175,0.0800,-0.1594,0.0194,-0.0800,-0.1686,0.0138,0.0800,-0.1714,-0.0247,-0.0800,-0.1626
12.190,-0.84,-0.64,-42.11,8.05,-0.0145,0.0800,-0.1535,0.0156,-0.0800,-0.1693,0.0111,0.0800,-0.1707,-0.0204,-0.0800,-0.1563
12.221,-1.33,-0.45,2.94,-9.36,-0.0111,0.0800,-0.1488,0.0117,-0.0800,-0.1698,0.0083,0.0800,-0.1702,-0.0157,-0.0800,-0.1513
12.250,-1.65,-0.31,9.13,-14.52,-0.0076,0.0800,-0.1454,0.0079,-0.0800,-0.1702,0.0056,0.0800,-0.1698,-0.0108,-0.0800,-0.1478
12.280,-1.92,-0.22,-4.76,-17.49,-0.0040,0.0800,-0.1434,0.0041,-0.0800,-0.1704,0.0029,0.0800,-0.1696,-0.0056,-0.0800,-0.1457
12.310,-2.29,-0.15,-20.80,-29.82,-0.0003,0.0800,-0.1426,0.0003,-0.0800,-0.1707,0.0002,0.0800,-0.1693,-0.0004,-0.0800,-0.1449
12.340,-2.61,-0.44,-19.01,-39.73,0.0035,0.0800,-0.1425,-0.0036,-0.0800,-0.1703,-0.0025,0.0800,-0.1697,0.0049,-0.0800,-0.1461
12.370,-3.04,-0.89,-27.86,-24.55,0.0071,0.0800,-0.1436,-0.0074,-0.0800,-0.1698,-0.0052,0.0800,-0.1702,0.0101,-0.0800,-0.1490
12.400,-3.48,-1.37,-13.27,-9.81,0.0107,0.0800,-0.1459,-0.0112,-0.0800,-0.1692,-0.0080,0.0800,-0.1708,0.0151,-0.0800,-0.1532
12.430,-3.90,-1.94,-11.63,-22.49,0.0140,0.0800,-0.1494,-0.0150,-0.0800,-0.1684,-0.0107,0.0800,-0.1716,0.0198,-0.0800,-0.1589
12.460,-4.23,-2.40,-21.87,-4.34,0.0171,0.0800,-0.1544,-0.0189,-0.0800,-0.1678,-0.0134,0.0800,-0.1722,0.0242,-0.0800,-0.1657
12.490,-4.46,-2.66,11.40,10.19,0.0199,0.0800,-0.1612,-0.0227,-0.0800,-0.1675,-0.0161,0.0800,-0.1725,0.0281,-0.0800,-0.1735
12.520,-4.61,-2.87,11.58,-0.17,0.0189,0.0800,-0.1634,-0.0265,-0.0800,-0.1672,-0.0188,0.0800,-0.1728,0.0267,-0.0800,-0.1766
12.550,-4.64,-2.86,13.30,16.54,0.0162,0.0800,-0.1634,-0.0282,-0.0800,-0.1648,-0.0200,0.0800,-0.1704,0.0228,-0.0800,-0.1766
12.580,-4.63,-2.95,8.82,4.07,0.0135,0.0800,-0.1633,-0.0243,-0.0800,-0.1573,-0.0172,0.0800,-0.1632,0.0190,-0.0800,-0.1767
12.610,-4.52,-2.99,7.49,5.51,0.0108,0.0800,-0.1633,-0.0199,-0.0800,-0.1512,-0.0141,0.0800,-0.1573,0.0152,-0.0800,-0.1767
12.640,-4.45,-3.05,8.31,8.87,0.0080,0.0800,-0.1632,-0.0152,-0.0800,-0.1465,-0.0108,0.0800,-0.1528,0.0113,-0.0800,-0.1768
12.670,-4.23,-2.89,31.77,24.13,0.0053,0.0800,-0.1635,-0.0102,-0.0800,-0.1433,-0.0073,0.0800,-0.1493,0.0075,-0.0800,-0.1765
12.700,-3.72,-2.45,53.15,39.06,0.0026,0.0800,-0.1645,-0.0051,-0.0800,-0.1419,-0.0036,0.0800,-0.1469,0.0037,-0.0800,-0.1755
12.730,-3.31,-1.71,-1.00,28.51,-0.0001,0.0800,-0.1659,0.0002,-0.0800,-0.1423,0.0001,0.0800,-0.1452,-0.0001,-0.0800,-0.1741
12.760,-3.22,-1.20,-23.52,-23.52,-0.0028,0.0800,-0.1667,0.0054,-0.0800,-0.1438,0.0038,0.0800,-0.1451,-0.0040,-0.0800,-0.1733
12.790,-3.21,-1.29,6.48,-34.44,-0.0055,0.0800,-0.1666,0.0106,-0.0800,-0.1457,0.0075,0.0800,-0.1473,-0.0078,-0.0800,-0.1734
12.820,-2.67,-1.65,58.75,-35.44,-0.0082,0.0800,-0.1662,0.0155,-0.0800,-0.1483,0.0110,0.0800,-0.1515,-0.0116,-0.0800,-0.1738
12.850,-2.22,-1.91,10.32,-16.58,-0.0109,0.0800,-0.1660,0.0202,-0.0800,-0.1524,0.0143,0.0800,-0.1569,-0.0154,-0.0800,-0.1740
12.880,-1.98,-2.17,-15.26,5.61,-0.0137,0.0800,-0.1657,0.0246,-0.0800,-0.1580,0.0174,0.0800,-0.1635,-0.0192,-0.0800,-0.1743
12.910,-1.75,-2.23,4.19,16.95,-0.0164,0.0800,-0.1656,0.0285,-0.0800,-0.1652,0.0202,0.0800,-0.1711,-0.0231,-0.0800,-0.1744
12.940,-1.57,-2.15,-6.79,14.02,-0.0191,0.0800,-0.1658,0.0263,-0.0800,-0.1671,0.0186,0.0800,-0.1729,-0.0269,-0.0800,-0.1742
12.971,-1.77,-1.97,-44.00,20.03,-0.0197,0.0800,-0.1627,0.0223,-0.0800,-0.1675,0.0159,0.0800,-0.1725,-0.0277,-0.0800,-0.1706
13.001,-2.36,-1.38,-50.34,24.84,-0.0169,0.0800,-0.1563,0.0185,-0.0800,-0.1687,0.0131,0.0800,-0.1713,-0.0238,-0.0800,-0.1627
13.031,-2.86,-0.97,-3.15,18.55,-0.0137,0.0800,-0.1509,0.0147,-0.0800,-0.1696,0.0104,0.0800,-0.1704,-0.0194,-0.0800,-0.1564
13.061,-3.04,-0.68,24.55,-29.16,-0.0103,0.0800,-0.1468,0.0109,-0.0800,-0.1701,0.0077,0.0800,-0.1699,-0.0146,-0.0800,-0.1515
13.091,-3.25,-0.47,-14.18,5.50,-0.0068,0.0800,-0.1439,0.0070,-0.0800,-0.1706,0.0050,0.0800,-0.1694,-0.0096,-0.0800,-0.1481
13.121,-3.33,-0.33,8.19,-11.89,-0.0031,0.0800,-0.1423,0.0032,-0.0800,-0.1708,0.0023,0.0800,-0.1692,-0.0044,-0.0800,-0.1461
13.151,-3.38,-0.23,-2.94,-17.13,0.0006,0.0800,-0.1420,-0.0006,-0.0800,-0.1710,-0.0004,0.0800,-0.1690,0.0008,-0.0800,-0.1455
13.181,-3.46,-0.16,-16.65,-23.42,0.0044,0.0800,-0.1430,-0.0045,-0.0800,-0.1711,-0.0032,0.0800,-0.1689,0.0062,-0.0800,-0.1464
13.211,-3.78,-0.57,-35.52,-38.37,0.0080,0.0800,-0.1445,-0.0084,-0.0800,-0.1706,-0.0059,0.0800,-0.1694,0.0113,-0.0800,-0.1494
13.241,-4.14,-1.08,-19.72,-18.71,0.0116,0.0800,-0.1471,-0.0122,-0.0800,-0.1699,-0.0087,0.0800,-0.1701,0.0163,-0.0800,-0.1540
13.271,-4.40,-1.60,-12.91,-14.94,0.0148,0.0800,-0.1511,-0.0160,-0.0800,-0.1692,-0.0114,0.0800,-0.1708,0.0209,-0.0800,-0.1599
13.301,-4.58,-2.06,-11.54,-8.67,0.0179,0.0800,-0.1565,-0.0198,-0.0800,-0.1685,-0.0141,0.0800,-0.1715,0.0252,-0.0800,-0.1670
13.331,-4.71,-2.40,6.71,1.59,0.0206,0.0800,-0.1636,-0.0237,-0.0800,-0.1680,-0.0168,0.0800,-0.1720,0.0290,-0.0800,-0.1753
13.361,-4.79,-2.57,8.97,8.57,0.0182,0.0800,-0.1639,-0.0275,-0.0800,-0.1678,-0.0195,0.0800,-0.1722,0.0257,-0.0800,-0.1761
